id,name,team,height,weight,year,position,hometown,state,country,latitude,longitude
4361025,Jack Tuttle,Michigan,76.0,211.0,4.0,QB,San Marcos,CA,USA,33.1352995,-117.1743395
4361991,Cam Goode,Michigan,73.0,314.0,4.0,DL,Washington,DC,USA,38.8950368,-77.0365427
4369467,Zach Peterson,Michigan,73.0,190.0,4.0,WR,Roswell,GA,USA,34.02332,-84.360022
4372062,Michael Barrett,Michigan,72.0,239.0,4.0,LB,Valdosta,GA,USA,30.8327022,-83.2784851
4372065,German Green,Michigan,74.0,190.0,4.0,DB,Desoto,TX,USA,32.5897831,-96.8570183
4426450,Trente Jones,Michigan,76.0,325.0,4.0,OL,Grayson,GA,USA,33.8942729,-83.95574
4426479,Cornelius Johnson,Michigan,75.0,208.0,4.0,WR,Greenwich,CT,USA,41.0264862,-73.6284598
4426638,Karsen Barnhart,Michigan,77.0,316.0,4.0,OL,Paw Paw,MI,USA,42.2178171,-85.8911246
4427140,Trevor Keegan,Michigan,78.0,320.0,4.0,OL,Crystal Lake,IL,USA,42.2411344,-88.3161965
4427448,LaDarius Henderson,Michigan,76.0,315.0,4.0,OL,Waxahachie,TX,USA,32.3944908,-96.8439365
4427736,Caden Kolesar,Michigan,70.0,195.0,4.0,DB,Westlake,OH,USA,41.4553232,-81.9179174
4428144,Drake Nugent,Michigan,74.0,301.0,4.0,OL,Lone Tree,CO,USA,39.5364152,-104.9041528
4428414,Mike Sainristil,Michigan,70.0,182.0,4.0,DB,Everett,MA,USA,42.40843,-71.0536625
4429000,Myles Hinton,Michigan,78.0,342.0,4.0,OL,Johns Creek,GA,USA,34.0181557,-84.190196
4429005,Braiden McGregor,Michigan,78.0,267.0,4.0,DE,Port Huron,MI,USA,42.9760854,-82.4333742
4429058,Jaylen Harrell,Michigan,76.0,242.0,4.0,DE,Tampa,FL,USA,27.9477595,-82.458444
4429096,Blake Corum,Michigan,68.0,213.0,4.0,RB,Marshall,VA,USA,38.8646975,-77.8580207
4429121,Kalel Mullings,Michigan,74.0,233.0,4.0,RB,West Roxbury,MA,USA,42.2792649,-71.1494972
4429139,Makari Paige,Michigan,76.0,208.0,4.0,DB,West Bloomfield,MI,USA,42.567616099999995,-83.35925641168916
4429552,Eamonn Dennis,Michigan,69.0,194.0,4.0,WR,Worcester,MA,USA,42.2625621,-71.8018877
4429913,Quinten Johnson,Michigan,71.0,203.0,4.0,DB,Washington,DC,USA,38.8950368,-77.0365427
4430638,Joey Velazquez,Michigan,71.0,226.0,4.0,LB,Columbus,OH,USA,39.9622601,-83.0007065
4430915,Reece Atteberry,Michigan,77.0,309.0,4.0,DL,Aurora,CO,USA,39.7405111,-104.830994
4431212,Junior Colson,Michigan,75.0,247.0,3.0,LB,Brentwood,TN,USA,36.0325687,-86.7825235
4431256,Cristian Dixon,Michigan,74.0,197.0,3.0,WR,Santa Ana,CA,USA,33.7494951,-117.873221
4431317,Jeffrey Persi,Michigan,80.0,310.0,4.0,OL,Mission Viejo,CA,USA,33.5965685,-117.659405
4431492,Roman Wilson,Michigan,72.0,192.0,4.0,WR,Honolulu,HI,USA,21.304547,-157.855676
4431536,Donovan Edwards,Michigan,73.0,212.0,4.0,RB,West Bloomfield,MI,USA,42.567616099999995,-83.35925641168916
4431538,Giovanni El-Hadi,Michigan,77.0,310.0,4.0,OL,Sterling Heights,MI,USA,42.5803122,-83.0302033
4432260,Matthew Hibner,Michigan,77.0,254.0,4.0,TE,Burke,VA,USA,38.778416,-77.27496377315485
4432301,Kris Jenkins,Michigan,75.0,305.0,4.0,DL,Olney,MD,USA,39.1532123,-77.0668408
4432658,Raheem Anderson,Michigan,75.0,318.0,4.0,OL,Detroit,MI,USA,42.3315509,-83.0466403
4432661,Rayshaun Benny,Michigan,76.0,296.0,4.0,DL,Detroit,MI,USA,42.3315509,-83.0466403
4432684,Greg Crippen,Michigan,76.0,309.0,4.0,OL,Northborough,MA,USA,42.3196015,-71.6422408
4433963,Zak Zinter,Michigan,78.0,322.0,4.0,OL,North Andover,MA,USA,42.6839894,-71.1127065
4433970,J.J. McCarthy,Michigan,75.0,202.0,3.0,QB,La Grange Park,IL,USA,41.8333646,-87.8677324
4571267,Dale Chesson,Michigan,72.0,194.0,4.0,WR,Saint Louis,MO,USA,38.6280278,-90.1910154
4572041,Danny Hughes,Michigan,72.0,208.0,4.0,RB,Naperville,IL,USA,41.7728699,-88.1479278
4572043,Leon Franklin,Michigan,69.0,205.0,4.0,RB,Southfield,MI,USA,42.4733689,-83.2218731
4572050,Keshaun Harris,Michigan,71.0,192.0,4.0,DB,Lansing,MI,USA,42.7338254,-84.5546295
4572051,William Wagner,Michigan,74.0,245.0,4.0,LS,Alpharetta,GA,USA,34.0709576,-84.2747329
4572371,Josh Wallace,Michigan,72.0,190.0,4.0,DB,Hyattsville,MD,USA,38.9529442,-76.9408647
4575529,James Turner,Michigan,72.0,196.0,4.0,PK,Saline,MI,USA,42.1667072,-83.7816075
4576297,AJ Barner,Michigan,78.0,251.0,4.0,TE,Aurora,OH,USA,41.317555,-81.345386
4594984,Tavierre Dunlap,Michigan,72.0,229.0,4.0,RB,Del Valle,TX,USA,,
4596357,Kechaun Bennett,Michigan,76.0,257.0,4.0,DE,Suffield,CT,USA,41.9816944,-72.6506604
4599197,Tristan Bounds,Michigan,80.0,305.0,4.0,OL,Wallingford,CT,USA,41.4570418,-72.8231552
4600387,TJ Guy,Michigan,76.0,250.0,4.0,DE,Mansfield,MA,USA,42.0334326,-71.2189405
4603101,Rod Moore,Michigan,72.0,198.0,4.0,DB,Clayton,OH,USA,39.8631101,-84.3605022
4611768,Jaydon Hood,Michigan,73.0,225.0,4.0,LB,Fort Lauderdale,FL,USA,26.1223084,-80.1433786
4682698,Dominick Giudice,Michigan,76.0,310.0,4.0,OL,Freehold,NJ,USA,40.2601096,-74.2737573
4682758,Tommy Doman,Michigan,76.0,215.0,4.0,PK,Rochester Hills,MI,USA,42.6583661,-83.1499322
4682983,Josaiah Stewart,Michigan,73.0,245.0,4.0,DE,Everett,MA,USA,42.40843,-71.0536625
4683118,Ja'Den McBurrows,Michigan,71.0,194.0,4.0,DB,Fort Lauderdale,FL,USA,26.1223084,-80.1433786
4683262,Tyler McLaurin,Michigan,75.0,252.0,4.0,DE,Bolingbrook,IL,USA,41.7003302,-88.0717708
4685297,Darrius Clemons,Michigan,75.0,211.0,3.0,WR,Portland,OR,USA,45.5202471,-122.674194
4685311,Jayden Denegal,Michigan,77.0,235.0,3.0,QB,Apple Valley,CA,USA,34.5008311,-117.1858759
4685408,Will Johnson,Michigan,74.0,202.0,3.0,DB,Detroit,MI,USA,42.3315509,-83.0466403
4685422,Kody Jones,Michigan,71.0,193.0,3.0,DB,Memphis,TN,USA,35.1460249,-90.0517638
4685461,Derrick Moore,Michigan,75.0,256.0,3.0,DE,Baltimore,MD,USA,39.2908816,-76.610759
4685464,Tyler Morris,Michigan,71.0,185.0,3.0,WR,Bolingbrook,IL,USA,41.7003302,-88.0717708
4685495,Alex Orji,Michigan,75.0,235.0,3.0,QB,Sachse,TX,USA,32.9762327,-96.5952703
4685507,Keon Sabb,Michigan,73.0,206.0,2.0,DB,Glassboro,NJ,USA,39.7027677,-75.1119434
4685535,CJ Stokes,Michigan,70.0,205.0,2.0,RB,Columbia,SC,USA,34.0003117,-81.0331309
4690298,Jake Thaw,Michigan,73.0,192.0,4.0,WR,Westport,CT,USA,41.1414855,-73.3578955
4690299,Christian Bartholomew,Michigan,72.0,187.0,4.0,WR,Galesburg,MI,USA,42.2886529,-85.418056
4690300,Will Rolapp,Michigan,72.0,198.0,4.0,WR,Darien,CT,USA,41.0787079,-73.4692873
4690303,Joshua Luther,Michigan,69.0,182.0,4.0,DB,Clarkston,MI,USA,42.735863,-83.4188304
4690304,Greg Tarr,Michigan,74.0,215.0,4.0,LS,Washington,MI,USA,42.30216872697333,-83.25715296952143
4690305,Jerome Nichols,Michigan,72.0,235.0,4.0,LB,Belleville,MI,USA,42.2048414,-83.4852106
4690306,Noah Stewart,Michigan,79.0,292.0,4.0,OL,Muskegon,MI,USA,43.2341813,-86.2483921
4695705,Marlin Klein,Michigan,78.0,247.0,3.0,TE,Cologne,,Germany,50.938361,6.959974
4696688,Josh Beetham,Michigan,77.0,250.0,3.0,TE,Yorkville,IL,USA,41.6411409,-88.4472948
4701937,Myles Pollard,Michigan,73.0,194.0,3.0,DB,Brentwood,TN,USA,36.0325687,-86.7825235
4702755,Amorion Walker,Michigan,75.0,182.0,3.0,WR,Ponchatoula,LA,USA,30.4388041,-90.4414762
4711413,Connor Jones,Michigan,78.0,320.0,3.0,OL,Monument,CO,USA,39.0916586,-104.872758
4712882,Ike Iwunnah,Michigan,75.0,313.0,4.0,DL,Garland,TX,USA,32.912624,-96.6388833
4723086,Colston Loveland,Michigan,77.0,245.0,3.0,TE,Gooding,ID,USA,43.0031041,-114.8286924
4751681,Ernest Hausmann,Michigan,74.0,235.0,3.0,LB,Columbus,NE,USA,41.4292988,-97.3581439
4794102,Zeke Berry,Michigan,71.0,196.0,3.0,DB,Pittsburg,CA,USA,38.0181745,-121.8901232
4808746,Micah Pollard,Michigan,74.0,234.0,3.0,LB,Jacksonville,FL,USA,30.3321838,-81.655651
4868340,Joey Klunder,Michigan,75.0,275.0,3.0,DE,Grosse Pointe,MI,USA,42.3861485,-82.9118591
4869584,Alessandro Lorenzetti,Michigan,77.0,285.0,3.0,DL,Montreal,PQ,Canada,-23.404971710844034,-51.954573388054044
4870641,Semaj Bridgeman,Michigan,74.0,223.0,1.0,LB,Philadelphia,PA,USA,39.9527237,-75.1635262
4870699,Karmello English,Michigan,71.0,190.0,1.0,WR,Phenix City,AL,USA,32.4709761,-85.0007653
4870704,Enow Etta,Michigan,77.0,308.0,2.0,DL,Keller,TX,USA,32.9299655,-97.2271249
4870717,Nathan Efobi,Michigan,75.0,307.0,2.0,OL,Cumming,GA,USA,34.2073196,-84.1401926
4870775,Amir Herring,Michigan,75.0,300.0,1.0,OL,Southfield,MI,USA,42.4733689,-83.2218731
4873232,Mason Graham,Michigan,75.0,320.0,3.0,DL,Anaheim,CA,USA,33.8347516,-117.911732
4878681,Davis Warren,Michigan,74.0,195.0,4.0,QB,Los Angeles,CA,USA,34.0536909,-118.242766
4878682,Jesse Madden,Michigan,73.0,180.0,3.0,DB,Oakland,CA,USA,37.8044557,-122.271356
4878686,Peyton O'Leary,Michigan,75.0,203.0,4.0,WR,Byfield,MA,USA,42.7598138,-70.9481097
4878687,Joe Taylor,Michigan,70.0,190.0,4.0,WR,Chelsea,MI,USA,42.3180163,-84.020224
4878688,Christian Boivin,Michigan,72.0,225.0,4.0,LB,Traverse City,MI,USA,44.7606481,-85.6165976
4878690,Trevor Andrews,Michigan,73.0,224.0,3.0,LB,Brentwood,TN,USA,36.0325687,-86.7825235
4878691,Noah Howes,Michigan,76.0,240.0,4.0,TE,Rochester,MI,USA,42.680588,-83.1338214
4878694,Peter Simmons,Michigan,73.0,285.0,4.0,DL,Bonita Springs,FL,USA,26.339806,-81.7786972
4878695,Max Bredeson,Michigan,74.0,240.0,4.0,TE,Hartland,WI,USA,43.105008,-88.3420398
4894654,Kenneth Grant,Michigan,75.0,339.0,3.0,DL,Merrillville,IN,USA,41.4828144,-87.3328139
4896353,Jimmy Rolder,Michigan,74.0,240.0,3.0,LB,Orland Park,IL,USA,41.630663,-87.8536288
4896390,Brandon Mann,Michigan,75.0,245.0,3.0,TE,Franklin,MI,USA,42.5222567,-83.3060432
4899352,Deakon Tonielli,Michigan,77.0,238.0,2.0,TE,Oswego,IL,USA,41.6834778,-88.3525714
4899366,Semaj Morgan,Michigan,70.0,174.0,2.0,WR,West Bloomfield,MI,USA,42.567616099999995,-83.35925641168916
4899479,Evan Link,Michigan,78.0,328.0,2.0,OL,Burke,VA,USA,38.778416,-77.27496377315485
4905609,Fredrick Moore,Michigan,73.0,181.0,2.0,WR,Saint Louis,MO,USA,38.6280278,-90.1910154
4907672,Adam Samaha,Michigan,71.0,195.0,2.0,PK,Ypsilanti,MI,USA,42.241051,-83.6117646
4910827,Evan Boutorwick,Michigan,75.0,230.0,3.0,LS,Sterling Heights,MI,USA,42.5803122,-83.0302033
4912156,Andrew Gentry,Michigan,79.0,327.0,3.0,OL,Littleton,CO,USA,39.613321,-105.016649
4917858,Cole Cabana,Michigan,72.0,204.0,2.0,RB,Dexter,MI,USA,42.3372998,-83.8842
4918431,Breeon Ishmail,Michigan,75.0,260.0,2.0,DE,Hamilton,OH,USA,39.2085354,-84.5501874
4918449,Jyaire Hill,Michigan,74.0,185.0,2.0,DB,Kankakee,IL,USA,41.1253903,-87.848682
4921240,Brooks Bahr,Michigan,77.0,319.0,2.0,DL,Lake Forest,IL,USA,42.2586461,-87.8407055
4923036,Cameron Brandt,Michigan,76.0,265.0,2.0,DE,Chatsworth,CA,USA,34.2572499,-118.6017022
4923052,Cameron Calhoun,Michigan,72.0,177.0,1.0,CB,Cincinnati,OH,USA,39.1014537,-84.5124602
5008017,Benjamin Hall,Michigan,71.0,235.0,2.0,RB,Acworth,GA,USA,34.0659329,-84.6768796
5077503,Hayden Moore,Michigan,74.0,222.0,1.0,LB,Parker,CO,USA,39.5184514,-104.7612638
5080968,Aymeric Koumba,Michigan,77.0,260.0,2.0,DE,Bordeaux,,France,44.841225,-0.5800364
5085243,Hudson Hollenbeck,Michigan,74.0,206.0,3.0,PK,Collierville,TN,USA,35.042036,-89.6645266
5086014,Joshua Nichols,Michigan,70.0,205.0,3.0,DB,Detroit,MI,USA,42.3315509,-83.0466403
5086016,Nico Andrighetto,Michigan,69.0,190.0,3.0,DB,Mountain View,CA,USA,37.3893889,-122.0832101
5086017,Logan Forbes,Michigan,74.0,195.0,3.0,WR,Clarkston,MI,USA,42.735863,-83.4188304
5086018,Bryce Wilcox,Michigan,71.0,191.0,3.0,DB,Sharpsburg,GA,USA,33.3392842,-84.6485417
5086019,Joel Metzger,Michigan,73.0,230.0,4.0,LB,Battle Creek,MI,USA,42.3192548,-85.1824269
5086021,Henry Donohue,Michigan,71.0,215.0,4.0,RB,Bronxville,NY,USA,40.9381544,-73.8320784
5086022,James Kavouklis,Michigan,73.0,284.0,3.0,OL,Tampa,FL,USA,27.9477595,-82.458444
5086026,Chibi Anwunah,Michigan,77.0,278.0,3.0,DE,Canton,MI,USA,32.612602,-90.0367512
5088628,Zack Marshall,Michigan,76.0,235.0,2.0,TE,Solana Beach,CA,USA,32.9905597,-117.269131
5091783,Jason Hewlett,Michigan,74.0,227.0,2.0,LB,Youngstown,OH,USA,41.1035786,-80.6520161
5092246,Cordell Jones-McNally,Michigan,68.0,175.0,1.0,PK,Marcellus,MI,USA,42.0258779,-85.8155576
5092262,DJ Waller Jr.,Michigan,75.0,202.0,2.0,DB,Youngstown,OH,USA,41.1035786,-80.6520161
5103804,Brandyn Hillman,Michigan,72.0,200.0,2.0,DB,Portsmouth,VA,USA,36.8320081,-76.297699
5108220,Kendrick Bell,Michigan,74.0,191.0,2.0,WR,Kansas City,MO,USA,39.100105,-94.5781416
5156342,Jack Grusser,Michigan,72.0,175.0,1.0,QB,Franklin Lakes,NJ,USA,41.0167639,-74.2057012
5156344,Micah Davis,Michigan,73.0,203.0,2.0,DB,Dexter,MI,USA,42.3372998,-83.8842
5156345,Grayson Dee,Michigan,73.0,235.0,2.0,LB,Pittsburgh,PA,USA,40.4416941,-79.9900861
5156346,Jack MacKinnon,Michigan,76.0,250.0,2.0,LB,Sarasota,FL,USA,27.3365805,-82.5308545
5156347,Liam Groulx,Michigan,72.0,225.0,2.0,LB,Charlotte,NC,USA,35.2272086,-80.8430827
5156348,Bryson Kuzdzal,Michigan,71.0,198.0,2.0,RB,Ada,MI,USA,42.9547136,-85.4879523
5156349,Jalen Hoffman,Michigan,75.0,235.0,2.0,TE,Burke,VA,USA,38.778416,-77.27496377315485
5156350,Cole Morgan,Michigan,76.0,275.0,2.0,OL,Princeton,NJ,USA,40.3496953,-74.6597376
5156351,John Weidenbach,Michigan,72.0,215.0,2.0,LB,Naperville,IL,USA,41.7728699,-88.1479278
5156352,Stone Anderson,Michigan,74.0,190.0,2.0,PK,Deerfield,MA,USA,42.5442595,-72.6044771
5156353,Trey Pierce,Michigan,74.0,315.0,2.0,DL,Evergreen Park,IL,USA,41.720136,-87.7013258
4360423,Michael Penix Jr.,Washington,75.0,213.0,4.0,QB,Tampa,FL,USA,27.9477595,-82.458444
4361094,Dominique Hampton,Washington,75.0,220.0,4.0,CB,Glendale,AZ,USA,33.5386858,-112.185994
4361095,Richard Newton,Washington,72.0,223.0,4.0,RB,Lancaster,CA,USA,34.6981064,-118.1366153
4361100,Jack Westover,Washington,75.0,248.0,4.0,TE,Bellevue,WA,USA,47.6144219,-122.192337
4361105,Zion Tupuola-Fetui,Washington,76.0,254.0,4.0,DE,Pearl City,HI,USA,21.4001231,-157.969428
4361107,Ulumoo Ale,Washington,78.0,327.0,4.0,DL,Tacoma,WA,USA,47.2455013,-122.438329
4361109,Matteo Mele,Washington,78.0,298.0,4.0,OL,Tucson,AZ,USA,32.2228765,-110.974847
4361112,Devin Culp,Washington,76.0,237.0,4.0,TE,Spokane,WA,USA,47.6571934,-117.42351
4361113,Tuli Letuligasenoa,Washington,73.0,292.0,4.0,DL,Concord,CA,USA,37.9768525,-122.0335624
4374280,Edefuan Ulofoshio,Washington,73.0,236.0,4.0,LB,Anchorage,AK,USA,61.2163129,-149.894852
4426352,Jacob Bandes,Washington,75.0,307.0,4.0,DL,Pittsburg,CA,USA,38.0181745,-121.8901232
4426380,Faatui Tuitele,Washington,75.0,317.0,3.0,DL,Honolulu,HI,USA,21.304547,-157.855676
4426821,Julius Buelow,Washington,80.0,315.0,4.0,OL,Kapolei,HI,USA,21.3340079,-158.077849
4427160,Kamren Fabiculanan,Washington,73.0,200.0,4.0,S,Camarillo,CA,USA,34.2176371,-119.0383541
4427170,Troy Fautanu,Washington,76.0,317.0,3.0,OL,Henderson,NV,USA,36.0319843,-114.9822486
4427219,Drew Fowler,Washington,73.0,222.0,4.0,LB,Bellevue,WA,USA,47.6144219,-122.192337
4427294,Ralen Goforth,Washington,74.0,237.0,4.0,LB,Long Beach,CA,USA,33.7690164,-118.191604
4427569,Giles Jackson,Washington,69.0,187.0,4.0,WR,Antioch,CA,USA,38.0049214,-121.805789
4427676,Nate Kalepo,Washington,78.0,325.0,4.0,OL,Renton,WA,USA,47.4799078,-122.2034496
4428713,Bralen Trice,Washington,76.0,274.0,3.0,DE,Phoenix,AZ,USA,33.4484367,-112.074141
4428726,Alphonzo Tuputala,Washington,74.0,230.0,4.0,LB,Federal Way,WA,USA,47.313494,-122.33931
4429089,Geirean Hatchett,Washington,77.0,312.0,4.0,OL,Ferndale,WA,USA,48.8466698,-122.589723
4429186,Sam Adams II,Washington,74.0,212.0,3.0,RB,Kirkland,WA,USA,47.6765382,-122.2070775
4429490,Carson Bruener,Washington,74.0,226.0,4.0,LB,Woodinville,WA,USA,47.7545827,-122.1588902
4429694,Makell Esteen,Washington,73.0,202.0,3.0,S,Hawthorne,CA,USA,33.9128272,-118.3426122
4430565,Will Nixon,Washington,71.0,202.0,3.0,RB,Waco,TX,USA,31.5491899,-97.1474628
4430616,Asa Turner,Washington,75.0,210.0,4.0,DB,Carlsbad,CA,USA,33.1580933,-117.3505966
4430637,Ja'Lynn Polk,Washington,74.0,204.0,2.0,WR,Lufkin,TX,USA,31.3386242,-94.7288558
4430810,Daniyel Ngata,Washington,69.0,191.0,4.0,RB,Folsom,CA,USA,38.6779591,-121.176058
4430834,Jalen McMillan,Washington,73.0,192.0,3.0,WR,Fresno,CA,USA,36.7394421,-119.78483
4430876,Roger Rosengarten,Washington,78.0,300.0,2.0,OL,Highlands Ranch,CO,USA,39.5497243,-104.969565
4431264,Gaard Memmelaar,Washington,76.0,299.0,3.0,OL,Caldwell,ID,USA,43.6678736,-116.689415
4431299,Rome Odunze,Washington,75.0,215.0,3.0,WR,Las Vegas,NV,USA,36.1672559,-115.148516
4432440,Jabbar Muhammad,Washington,70.0,183.0,4.0,DB,Desoto,TX,USA,32.5897831,-96.8570183
4432466,Samuel Peacock,Washington,78.0,296.0,2.0,OL,Gig Harbor,WA,USA,47.3259697,-122.5878659
4569594,Cameron Davis,Washington,72.0,214.0,4.0,RB,Bryant,AR,USA,34.5959045,-92.488348
4569598,Dylan Morris,Washington,73.0,202.0,4.0,QB,Puyallup,WA,USA,47.1849009,-122.29214
4569600,Mishael Powell,Washington,73.0,210.0,4.0,DB,Seattle,WA,USA,47.6038321,-122.330062
4574713,Jaden Green,Washington,71.0,214.0,3.0,LS,Gilbert,AZ,USA,33.3527632,-111.789037
4575923,Elijah Jackson,Washington,73.0,193.0,3.0,CB,Carson,CA,USA,33.8322043,-118.2517547
4581579,Sekai Asoau-Afoa,Washington,76.0,263.0,4.0,DE,Tacoma,WA,USA,47.2455013,-122.438329
4588194,Dyson McCutcheon,Washington,71.0,182.0,3.0,DB,Claremont,CA,USA,34.0966764,-117.7197785
4683138,Voi Tunuufi,Washington,73.0,282.0,4.0,EDGE,South Jordan,UT,USA,40.5584882,-111.9367107
4683181,Robert Wyrsch,Washington,79.0,293.0,2.0,OL,Capitola,CA,USA,36.9762927,-121.954057
4683386,William Haskell,Washington,76.0,200.0,2.0,QB,Glendale,AZ,USA,33.5386858,-112.185994
4683554,Darren Barkins,Washington,71.0,169.0,3.0,CB,Spring Valley,CA,USA,32.7295705,-116.96688951775884
4684069,Maurice Heims,Washington,77.0,263.0,3.0,EDGE,Hamburg,,Germany,53.550341,10.000654
4685261,Germie Bernard,Washington,73.0,209.0,3.0,WR,Henderson,NV,USA,36.0319843,-114.9822486
4685322,Tristan Dunn,Washington,76.0,191.0,2.0,S,Sumner,WA,USA,47.2061882,-122.2312383
4685506,Ryan Otton,Washington,78.0,257.0,2.0,TE,Tumwater,WA,USA,47.0080655,-122.910368
4689338,Dillon Johnson,Washington,72.0,218.0,3.0,RB,Greenville,MS,USA,33.4111051,-91.0635857
4691142,Vincent Nunley,Washington,73.0,187.0,2.0,S,Oakland,CA,USA,37.8044557,-122.271356
4696013,Adam Saul,Washington,78.0,192.0,3.0,P,Gurnee,IL,USA,42.3702996,-87.9020186
4697671,Bradley McGannon,Washington,76.0,283.0,2.0,DL,Yelm,WA,USA,46.9413877,-122.60639
4697673,Addison Shrock,Washington,73.0,188.0,2.0,PK,Bellingham,WA,USA,48.7544012,-122.478836
4816090,Parker Brailsford,Washington,74.0,290.0,2.0,OL,Mesa,AZ,USA,33.4151005,-111.831455
4816097,Lance Holtzclaw,Washington,75.0,224.0,2.0,EDGE,Dorchester,MA,USA,42.301376000000005,-71.06127441375656
4832800,Denzel Boston,Washington,76.0,209.0,2.0,WR,South Hill,WA,USA,47.11986215,-122.29017095173586
4868898,Jalen Klemm,Washington,78.0,285.0,2.0,OL,Mars,PA,USA,40.6958342,-80.011878
4870758,Anthony James,Washington,77.0,272.0,1.0,DE,Lavon,TX,USA,33.0276193,-96.4341524
4870905,Caleb Presley,Washington,72.0,177.0,1.0,CB,Federal Way,WA,USA,47.313494,-122.33931
4870915,Curley Reed III,Washington,73.0,191.0,1.0,CB,Iowa,LA,USA,30.2368772,-93.0137569
4871068,Rashid Williams,Washington,73.0,181.0,1.0,WR,Brentwood,CA,USA,37.9317766,-121.696026
4875340,Davon Banks,Washington,71.0,184.0,3.0,CB,San Jacinto,CA,USA,33.7839664,-116.9589086
4875341,Camden Sirmon,Washington,72.0,196.0,3.0,WR,Missoula,MT,USA,46.8701049,-113.995267
4875346,Mason Wheeler,Washington,69.0,173.0,3.0,WR,Vancouver,WA,USA,45.6306954,-122.6744557
4875348,Milton Hopkins Jr.,Washington,76.0,232.0,3.0,EDGE,Seattle,WA,USA,47.6038321,-122.330062
4875350,Quentin Moore,Washington,76.0,257.0,4.0,TE,Kenmore,WA,USA,47.7596715,-122.2496367
4875351,Griffin Waiss,Washington,77.0,245.0,3.0,TE,San Jose,CA,USA,37.3361663,-121.890591
4876132,Josh Cuevas,Washington,75.0,251.0,3.0,TE,Los Angeles,CA,USA,34.0536909,-118.242766
4880856,Alex Froelich,Washington,74.0,213.0,2.0,LS,South Pasadena,CA,USA,34.1133062,-118.1478291
4880858,Jake Jennings,Washington,76.0,229.0,3.0,EDGE,Gig Harbor,WA,USA,47.3259697,-122.5878659
4890418,Teddy Purcell,Washington,73.0,186.0,3.0,QB,Atherton,CA,USA,37.453773,-122.2058272
4890419,Jack McCallister,Washington,72.0,205.0,3.0,P,Edmonds,WA,USA,47.8105738,-122.3774952
4890430,Antonio Hill,Washington,71.0,188.0,4.0,CB,Bellevue,WA,USA,47.6144219,-122.192337
4910844,Grady Gross,Washington,71.0,218.0,3.0,PK,Scottsdale,AZ,USA,33.4942189,-111.926018
4916379,Jayvon Parker,Washington,75.0,297.0,3.0,DL,Detroit,MI,USA,42.3315509,-83.0466403
4916380,Armon Parker,Washington,75.0,312.0,2.0,DL,Detroit,MI,USA,42.3315509,-83.0466403
4917046,Jay Green,Washington,75.0,208.0,3.0,S,Houston,TX,USA,29.7589382,-95.3676974
4918439,Elinneus Davis,Washington,74.0,309.0,1.0,DL,Moorhead,MN,USA,46.8739081,-96.7538674
4921406,Landen Hatchett,Washington,74.0,310.0,2.0,OL,Ferndale,WA,USA,48.8466698,-122.589723
4921520,Tybo Rogers,Washington,71.0,185.0,1.0,RB,Bakersfield,CA,USA,35.3738712,-119.019463
4923048,Deven Bryant,Washington,71.0,234.0,1.0,LB,Carson,CA,USA,33.8322043,-118.2517547
4923287,Elishah Jackett,Washington,79.0,271.0,1.0,OL,Orange,CA,USA,33.750631,-117.8722311
4940235,Taeshaun Lyons,Washington,73.0,177.0,1.0,WR,Hayward,CA,USA,37.6688205,-122.080796
4954503,Jordan Whitney,Washington,72.0,216.0,1.0,LB,Oxnard,CA,USA,34.1976308,-119.180381
4988081,Vincent Holmes,Washington,72.0,187.0,1.0,S,San Jacinto,CA,USA,33.7839664,-116.9589086
5017177,Keith Reynolds,Washington,69.0,180.0,1.0,WR,Adelanto,CA,USA,34.5827699,-117.409215
5077303,Jacob Lane,Washington,77.0,255.0,2.0,EDGE,Puyallup,WA,USA,47.1849009,-122.29214
5077669,Diesel Gordon,Washington,72.0,164.0,1.0,S,Arlington,TX,USA,32.7355816,-97.1071186
5077875,Zachary Henning,Washington,77.0,299.0,1.0,OL,Centennial,CO,USA,39.579155,-104.8769227
5078347,Soane Faasolo,Washington,80.0,295.0,1.0,OL,East Palo Alto,CA,USA,37.4688273,-122.141075
5078420,Leroy Bryant,Washington,71.0,180.0,1.0,CB,Fairfield,CA,USA,38.2493581,-122.039966
5079508,Austin Mack,Washington,78.0,236.0,1.0,QB,Folsom,CA,USA,38.6779591,-121.176058
5082670,Jakson Berman,Washington,71.0,190.0,2.0,CB,San Jose,CA,USA,37.3361663,-121.890591
5082671,Tristan Warner,Washington,73.0,206.0,2.0,S,Tacoma,WA,USA,47.2455013,-122.438329
5082672,Anay Nagarajan,Washington,71.0,190.0,3.0,CB,San Jose,CA,USA,37.3361663,-121.890591
5082673,Austin Harnetiaux,Washington,75.0,232.0,2.0,LB,Seattle,WA,USA,47.6038321,-122.330062
5082675,Griffin Miller,Washington,74.0,227.0,2.0,LB,Sammamish,WA,USA,47.6017554,-122.0416844
5082676,Jake Parnagian,Washington,70.0,204.0,2.0,WR,Clovis,CA,USA,36.8252277,-119.7029194
5082677,Jackson Girouard,Washington,72.0,193.0,3.0,WR,Redwood City,CA,USA,37.4863239,-122.232523
5082678,John Frazier,Washington,78.0,244.0,2.0,TE,Mountain View,CA,USA,37.3893889,-122.0832101
5084987,Kahlee Tafai,Washington,77.0,338.0,1.0,OL,Los Angeles,CA,USA,34.0536909,-118.242766
5085885,Braydon Bruener,Washington,72.0,194.0,1.0,LB,Redmond,WA,USA,47.6694141,-122.1238767
5095358,Caleb Johnston,Washington,71.0,221.0,2.0,LS,Ripon,CA,USA,37.7394666,-121.1246966
5095359,Camdyn Stiegeler,Washington,73.0,203.0,1.0,QB,Oregon City,OR,USA,45.3573429,-122.606758
5121433,Zach Durfee,Washington,77.0,256.0,4.0,EDGE,Dawson,MN,USA,44.932738,-96.054481
5122374,Owen Coutts,Washington,76.0,230.0,3.0,TE,Seattle,WA,USA,47.6038321,-122.330062
5151880,Thaddeus Dixon,Washington,73.0,186.0,4.0,CB,Los Angeles,CA,USA,34.0536909,-118.242766
5151881,Alex Johnson,Washington,78.0,214.0,3.0,QB,Seattle,WA,USA,47.6038321,-122.330062
5151882,Ryder Bumgarner,Washington,69.0,195.0,1.0,RB,Stanwood,WA,USA,48.24216,-122.3520327
5151883,Luke Luchini,Washington,73.0,195.0,1.0,WR,Meridian,ID,USA,43.6086295,-116.392326
5151884,Logan Lisherness,Washington,74.0,230.0,1.0,LB,Puyallup,WA,USA,47.1849009,-122.29214
5151885,Parker Cross,Washington,74.0,284.0,1.0,OL,Seattle,WA,USA,47.6038321,-122.330062
5151886,Jacob Mason,Washington,74.0,245.0,1.0,DE,Ferndale,WA,USA,48.8466698,-122.589723
5151887,Roice Cleeland,Washington,74.0,297.0,1.0,OL,Vancouver,WA,USA,45.6306954,-122.6744557
5151888,Aidan Anderson,Washington,76.0,319.0,1.0,OL,Olympia,WA,USA,47.0451022,-122.8950075
5151889,Habib Bello,Washington,74.0,310.0,1.0,DL,Bellingham,WA,USA,48.7544012,-122.478836
5151890,Troy Petz,Washington,73.0,193.0,2.0,P,Lynden,WA,USA,48.9466041,-122.4569315
4362103,Christian Jones,Texas,78.0,321.0,4.0,OL,Cypress,TX,USA,29.9691116,-95.6971686
4426398,David Gbenda,Texas,72.0,235.0,4.0,LB,Katy,TX,USA,29.7857853,-95.8243956
4426651,Patrick Bayouth,Texas,76.0,281.0,4.0,TE,Bellaire,TX,USA,29.7057858,-95.4588299
4426836,Jett Bush,Texas,74.0,242.0,4.0,LB,Houston,TX,USA,29.7589382,-95.3676974
4428116,Isaiah Neyor,Texas,76.0,220.0,4.0,WR,Fort Worth,TX,USA,32.753177,-97.3327459
4428617,T'Vondre Sweat,Texas,76.0,362.0,4.0,DL,Huntsville,TX,USA,30.7235263,-95.5507771
4429040,Vernon Broughton,Texas,76.0,305.0,4.0,DL,Houston,TX,USA,29.7589382,-95.3676974
4429381,Trill Carter,Texas,72.0,299.0,4.0,DL,Leesburg,GA,USA,31.7324556,-84.1711966
4430814,Jake Majors,Texas,75.0,315.0,4.0,OL,Prosper,TX,USA,33.2385763,-96.7866058
4430821,Kitan Crawford,Texas,71.0,206.0,4.0,S,Tyler,TX,USA,32.3512601,-95.3010624
4430835,Alfred Collins,Texas,77.0,320.0,4.0,DL,Bastrop,TX,USA,30.0541116,-97.3887764
4430888,Jerrin Thompson,Texas,72.0,186.0,4.0,S,Lufkin,TX,USA,31.3386242,-94.7288558
4430925,Jahdae Barron,Texas,71.0,200.0,4.0,DB,Pflugerville,TX,USA,30.4393696,-97.6200043
4431214,Hayden Conner,Texas,77.0,320.0,4.0,OL,Katy,TX,USA,29.7857853,-95.8243956
4431588,Ja'Tavion Sanders,Texas,76.0,243.0,3.0,TE,Denton,TX,USA,33.1838787,-97.1413417
4432272,Gavin Holmes,Texas,71.0,185.0,4.0,DB,New Orleans,LA,USA,29.9759983,-90.0782127
4566088,Jaylan Ford,Texas,75.0,242.0,4.0,LB,Frisco,TX,USA,33.1505998,-96.8238183
4567095,Keilan Robinson,Texas,69.0,188.0,4.0,RB,Washington,DC,USA,38.8950368,-77.0365427
4567148,Jalen Catalon,Texas,71.0,205.0,4.0,DB,Mansfield,TX,USA,32.563487,-97.1420308
4568075,Juan Davis,Texas,76.0,235.0,4.0,TE,Fort Worth,TX,USA,32.753177,-97.3327459
4569337,Ryan Sanborn,Texas,75.0,211.0,1.0,P,San Diego,CA,USA,32.7174202,-117.162772
4569382,Jordan Whittington,Texas,73.0,204.0,4.0,WR,Cuero,TX,USA,29.0938036,-97.2900564
4569409,Gabriel Lozano,Texas,73.0,185.0,4.0,PK,Austin,TX,USA,30.2711286,-97.7436995
4570040,Byron Murphy II,Texas,73.0,308.0,3.0,DL,Desoto,TX,USA,32.5897831,-96.8570183
4578494,Sawyer Goram-Welch,Texas,76.0,307.0,4.0,DL,Longview,TX,USA,32.5007031,-94.74049
4597500,Adonai Mitchell,Texas,76.0,196.0,3.0,WR,Missouri City,TX,USA,29.6185669,-95.5377215
4602199,Charles Wright,Texas,73.0,203.0,2.0,QB,Austin,TX,USA,30.2711286,-97.7436995
4602936,Morice Blackwell Jr.,Texas,73.0,220.0,4.0,LB,Arlington,TX,USA,32.7355816,-97.1071186
4603190,Casey Cain,Texas,75.0,200.0,3.0,WR,New Orleans,LA,USA,29.9759983,-90.0782127
4678008,Jonathon Brooks,Texas,72.0,207.0,2.0,RB,Hallettsville,TX,USA,29.4438528,-96.9410929
4683062,Xavier Worthy,Texas,73.0,172.0,3.0,WR,Fresno,CA,USA,36.7394421,-119.78483
4683643,Barryn Sorrell,Texas,76.0,260.0,4.0,LB,New Orleans,LA,USA,29.9759983,-90.0782127
4685092,Ryan Watts,Texas,75.0,213.0,4.0,DB,Little Elm,TX,USA,33.1626194,-96.9375051
4685240,Malik Agbo,Texas,76.0,300.0,2.0,OL,Federal Way,WA,USA,47.313494,-122.33931
4685241,BJ Allen Jr.,Texas,72.0,191.0,2.0,S,Aledo,TX,USA,32.6979939,-97.60399378280016
4685260,Kelvin Banks Jr.,Texas,76.0,320.0,3.0,OL,Humble,TX,USA,29.9988312,-95.2621553
4685279,Jaydon Blue,Texas,72.0,200.0,3.0,RB,Houston,TX,USA,29.7589382,-95.3676974
4685331,Justice Finkley,Texas,74.0,250.0,3.0,LB,Trussville,AL,USA,33.6196266,-86.6084342
4685375,Jaylon Guilbeau,Texas,72.0,190.0,3.0,DB,Port Arthur,TX,USA,29.8716577,-93.9332302
4685410,Austin Jordan,Texas,72.0,198.0,3.0,DB,Denton,TX,USA,33.1838787,-97.1413417
4685497,Maalik Murphy,Texas,77.0,230.0,2.0,QB,Inglewood,CA,USA,33.9562003,-118.353132
4685575,J'Mond Tapp,Texas,75.0,266.0,2.0,DL,Donaldsonville,LA,USA,30.1051938,-90.9875923
4685590,Cameron Williams,Texas,77.0,335.0,3.0,OL,Duncanville,TX,USA,32.6518004,-96.9083366
4685591,Larry Turner-Gooden,Texas,71.0,212.0,2.0,S,Los Angeles,CA,USA,34.0536909,-118.242766
4685735,Cole Hutson,Texas,77.0,310.0,3.0,OL,Frisco,TX,USA,33.1505998,-96.8238183
4685737,Neto Umeozulu,Texas,76.0,330.0,2.0,OL,Allen,TX,USA,33.1031744,-96.6705503
4686332,Zac Swanson,Texas,76.0,282.0,2.0,DL,Phoenix,AZ,USA,33.4484367,-112.074141
4686728,Gunnar Helm,Texas,77.0,250.0,4.0,TE,Englewood,CO,USA,39.6482059,-104.9879641
4690811,Savion Red,Texas,70.0,214.0,3.0,RB,Grand Prairie,TX,USA,32.7459645,-96.9977846
4690975,Tannahill Love,Texas,71.0,225.0,4.0,LB,Fort Worth,TX,USA,32.753177,-97.3327459
4690976,Paxton Anderson,Texas,76.0,213.0,4.0,WR,Dallas,TX,USA,32.7762719,-96.7968559
4694152,Max Merril,Texas,76.0,295.0,3.0,OL,Houston,TX,USA,29.7589382,-95.3676974
4701935,Terrance Brooks,Texas,72.0,210.0,3.0,DB,Little Elm,TX,USA,33.1626194,-96.9375051
4704532,Kristopher Ross,Texas,74.0,263.0,2.0,DL,Houston,TX,USA,29.7589382,-95.3676974
4706856,X'Avion Brice,Texas,73.0,174.0,2.0,CB,Arlington,TX,USA,32.7355816,-97.1071186
4708062,Cole Lourd,Texas,74.0,215.0,4.0,QB,Los Angeles,CA,USA,34.0536909,-118.242766
4717429,Jaray Bledsoe,Texas,76.0,290.0,2.0,DL,Marlin,TX,USA,31.308005,-96.8908895
4801729,Aaron Bryant,Texas,74.0,305.0,2.0,DL,Southaven,MS,USA,34.9873822,-90.0034862
4806290,Connor Robertson,Texas,76.0,310.0,2.0,OL,Austin,TX,USA,30.2711286,-97.7436995
4833591,Ky Woods,Texas,69.0,175.0,2.0,RB,League City,TX,USA,29.5074538,-95.0949303
4868929,Will Stone,Texas,72.0,195.0,3.0,PK,Austin,TX,USA,30.2711286,-97.7436995
4870593,Tausili Akana,Texas,76.0,220.0,1.0,LB,Laie,HI,USA,21.6438449,-157.924442
4870609,CJ Baxter,Texas,73.0,220.0,2.0,RB,Orlando,FL,USA,28.5421109,-81.3790304
4870656,Johntay Cook II,Texas,72.0,185.0,2.0,WR,Desoto,TX,USA,32.5897831,-96.8570183
4870805,Anthony Hill Jr.,Texas,75.0,235.0,2.0,LB,Denton,TX,USA,33.1838787,-97.1413417
4870860,DeAndre Moore Jr.,Texas,72.0,195.0,2.0,WR,Anaheim,CA,USA,33.8347516,-117.911732
4870862,Liona Lefau,Texas,73.0,225.0,2.0,LB,Laie,HI,USA,21.6438449,-157.924442
4870881,Payton Kirkland,Texas,78.0,350.0,1.0,G,Orlando,FL,USA,28.5421109,-81.3790304
4870906,Arch Manning,Texas,76.0,225.0,1.0,QB,New Orleans,LA,USA,29.9759983,-90.0782127
4870908,Sydir Mitchell,Texas,78.0,350.0,1.0,DL,Paterson,NJ,USA,40.9167654,-74.171811
4870953,Malik Muhammad,Texas,72.0,190.0,2.0,DB,Desoto,TX,USA,32.5897831,-96.8570183
4870964,William Randle,Texas,76.0,240.0,1.0,TE,New Orleans,LA,USA,29.9759983,-90.0782127
4871044,Derek Williams Jr.,Texas,74.0,195.0,2.0,DB,New Iberia,LA,USA,30.0035365,-91.8187285
4871076,Quintrevion Wisner,Texas,72.0,200.0,2.0,RB,Glenn Heights,TX,USA,32.54390135,-96.85529749543817
4878504,Robert Sweeney,Texas,77.0,300.0,2.0,OL,Dallas,TX,USA,32.7762719,-96.7968559
4880346,Michael Taaffe,Texas,72.0,195.0,3.0,DB,Austin,TX,USA,30.2711286,-97.7436995
4880347,Bert Auburn,Texas,72.0,185.0,4.0,PK,Flower Mound,TX,USA,33.0283854,-97.0867203
4880348,Thatcher Milton,Texas,70.0,185.0,4.0,WR,Cypress,TX,USA,29.9691116,-95.6971686
4880349,Marshall Landwehr,Texas,72.0,225.0,4.0,LB,Dallas,TX,USA,32.7762719,-96.7968559
4880350,Christian Rizzi,Texas,71.0,215.0,4.0,S,Metairie,LA,USA,29.9899926,-90.1505426
4889929,Quinn Ewers,Texas,74.0,210.0,3.0,QB,Southlake,TX,USA,32.9412363,-97.1341783
4899367,Ryan Niblett,Texas,70.0,185.0,1.0,WR,Houston,TX,USA,29.7589382,-95.3676974
4899376,Jaydon Chatman,Texas,76.0,300.0,1.0,OL,Harker Heights,TX,USA,31.0746347,-97.6590473
4899478,Derion Gullette,Texas,75.0,235.0,1.0,LB,Marlin,TX,USA,31.308005,-96.8908895
4908867,Ethan Burke,Texas,78.0,260.0,3.0,LB,Austin,TX,USA,30.2711286,-97.7436995
4911869,Lance St. Louis,Texas,72.0,220.0,3.0,S,Gilbert,AZ,USA,33.3527632,-111.789037
4917985,Connor Stroh,Texas,79.0,350.0,1.0,OL,Frisco,TX,USA,33.1505998,-96.8238183
4918101,S'Maje Burrell,Texas,72.0,219.0,1.0,LB,Fort Worth,TX,USA,32.753177,-97.3327459
4918129,Colton Vasek,Texas,77.0,260.0,1.0,LB,Austin,TX,USA,30.2711286,-97.7436995
4918430,Trevor Goosby,Texas,79.0,315.0,1.0,OL,Melissa,TX,USA,33.2862455,-96.5722411
4919036,Andre Cojoe,Texas,78.0,340.0,1.0,OL,Grand Prairie,TX,USA,32.7459645,-96.9977846
4921273,Billy Walton III,Texas,75.0,225.0,1.0,DE,Grand Prairie,TX,USA,32.7459645,-96.9977846
4921318,Spencer Shannon,Texas,79.0,255.0,1.0,TE,San Clemente,CA,USA,33.4270275,-117.6124179
4922989,Jelani McDonald,Texas,74.0,205.0,2.0,DB,Waco,TX,USA,31.5491899,-97.1474628
4950398,Warren Roberson,Texas,72.0,190.0,1.0,DB,Red Oak,TX,USA,32.5117104,-96.80836332870047
5081965,Joe Tatum,Texas,71.0,185.0,3.0,QB,Los Angeles,CA,USA,34.0536909,-118.242766
5081966,Colin Page,Texas,72.0,210.0,3.0,RB,Austin,TX,USA,30.2711286,-97.7436995
5081967,Carson Marshall,Texas,72.0,185.0,3.0,DB,Katy,TX,USA,29.7857853,-95.8243956
5081969,Quinn Merritt,Texas,73.0,190.0,3.0,WR,Los Gatos,CA,USA,37.226611,-121.9746797
5081970,Graham Gillespie,Texas,72.0,200.0,3.0,DB,Cypress,TX,USA,29.9691116,-95.6971686
5081971,Remy Patson,Texas,69.0,170.0,3.0,WR,Austin,TX,USA,30.2711286,-97.7436995
5081972,Hamilton McMartin,Texas,72.0,175.0,3.0,WR,Katy,TX,USA,29.7857853,-95.8243956
5081973,Ben Armstrong,Texas,75.0,285.0,3.0,DL,Leander,TX,USA,30.5736134,-97.8567339
5081975,Charles Feris,Texas,74.0,205.0,3.0,PK,Houston,TX,USA,29.7589382,-95.3676974
5081976,Michael Flanagan,Texas,74.0,225.0,3.0,LB,Frisco,TX,USA,33.1505998,-96.8238183
5081977,DJ Campbell,Texas,75.0,330.0,3.0,OL,Arlington,TX,USA,32.7355816,-97.1071186
5081978,Rick McBroom,Texas,74.0,290.0,3.0,OL,Fort Worth,TX,USA,32.753177,-97.3327459
5081980,Gus Asel,Texas,73.0,226.0,4.0,TE,Frisco,TX,USA,33.1505998,-96.8238183
5081981,Reece Beauchamp,Texas,74.0,190.0,3.0,WR,Austin,TX,USA,30.2711286,-97.7436995
5098809,Winston Smith,Texas,73.0,202.0,2.0,LB,Houston,TX,USA,29.7589382,-95.3676974
5150770,JaFaar Johnson Jr.,Texas,71.0,186.0,2.0,DB,Bastrop,TX,USA,30.0541116,-97.3887764
5150771,Tate Haver,Texas,72.0,215.0,2.0,S,Westlake Village,CA,USA,34.1460234,-118.8061794
5150773,Rett Andersen,Texas,71.0,190.0,2.0,WR,San Antonio,TX,USA,29.4246002,-98.4951405
5150775,Bryce Chambers,Texas,73.0,205.0,2.0,WR,Austin,TX,USA,30.2711286,-97.7436995
5150776,Ty Boatright,Texas,72.0,175.0,2.0,WR,Kingwood,TX,USA,30.0497077,-95.1846301
5150777,Ian Ratliff,Texas,71.0,185.0,2.0,P,Humble,TX,USA,29.9988312,-95.2621553
5150778,Brooks Kieschnick Jr.,Texas,75.0,270.0,2.0,OL,San Antonio,TX,USA,29.4246002,-98.4951405
5150779,Brady Sarkisian,Texas,73.0,230.0,2.0,LB,Newport Beach,CA,USA,33.6170092,-117.9294401
5150780,Reed Malphurs,Texas,78.0,208.0,1.0,PK,Dallas,TX,USA,32.7762719,-96.7968559
4363417,Jaylen Key,Alabama,74.0,210.0,4.0,DB,Tallahassee,FL,USA,30.4380832,-84.2809332
4426677,Trezmen Marshall,Alabama,73.0,236.0,3.0,LB,Homerville,GA,USA,31.0365983,-82.7470849
4428989,Chris Braswell,Alabama,75.0,255.0,4.0,LB,Baltimore,MD,USA,39.2908816,-76.610759
4429001,Jase McClellan,Alabama,71.0,212.0,4.0,RB,Aledo,TX,USA,32.6979939,-97.60399378280016
4429033,Jermaine Burton,Alabama,72.0,194.0,4.0,WR,Calabasas,CA,USA,34.1446643,-118.644097
4429187,Seth McLaughlin,Alabama,76.0,305.0,4.0,OL,Buford,GA,USA,34.1206564,-84.0043513
4431288,Monkell Goodwine,Alabama,75.0,311.0,3.0,DT,Upper Marlboro,MD,USA,38.8162451,-76.751708
4431414,Tim Keenan III,Alabama,74.0,326.0,3.0,DL,Birmingham,AL,USA,33.5206824,-86.8024326
4431437,JC Latham,Alabama,78.0,360.0,3.0,OL,Oak Creek,WI,USA,42.898729,-87.9177966
4431500,Kendrick Blackshire,Alabama,73.0,250.0,4.0,LB,Duncanville,TX,USA,32.6518004,-96.9083366
4431503,Damon Payne Jr.,Alabama,76.0,313.0,3.0,DL,Belleville,MI,USA,42.2048414,-83.4852106
4431506,Ja'Corey Brooks,Alabama,75.0,195.0,4.0,WR,Miami,FL,USA,25.7741728,-80.19362
4431513,Tyler Buchner,Alabama,73.0,215.0,4.0,WR,San Diego,CA,USA,32.7174202,-117.162772
4431529,Jaeden Roberts,Alabama,77.0,310.0,3.0,OL,Houston,TX,USA,29.7589382,-95.3676974
4431542,TJ Ferguson,Alabama,76.0,330.0,3.0,OL,Fort Valley,GA,USA,32.5537585,-83.8874084
4432725,Deontae Lawson,Alabama,74.0,239.0,3.0,LB,Mobile,AL,USA,30.6913462,-88.0437509
4432734,Jalen Milroe,Alabama,74.0,225.0,3.0,QB,Katy,TX,USA,29.7857853,-95.8243956
4433975,Kool-Aid McKinstry,Alabama,73.0,195.0,3.0,DB,Birmingham,AL,USA,33.5206824,-86.8024326
4489406,Chase Davis,Alabama,73.0,182.0,3.0,DB,Tuscaloosa,AL,USA,33.2095614,-87.5675258
4565190,Dallas Turner,Alabama,76.0,242.0,3.0,LB,Fort Lauderdale,FL,USA,26.1223084,-80.1433786
4567104,Will Reichard,Alabama,73.0,194.0,4.0,PK,Hoover,AL,USA,33.35029299999999,-86.85112299766301
4567132,Darrian Dalcourt,Alabama,75.0,310.0,4.0,OL,Havre De Grace,MD,USA,39.548827,-76.0898259
4567138,Justin Eboigbe,Alabama,77.0,292.0,4.0,DL,Forest Park,GA,USA,33.6220542,-84.3690918
4567783,James Brockermeyer,Alabama,75.0,285.0,3.0,OL,Fort Worth,TX,USA,32.753177,-97.3327459
4570039,Keanu Koht,Alabama,76.0,242.0,3.0,LB,Vero Beach,FL,USA,27.6387163,-80.3975399
4574689,Trey Amos,Alabama,73.0,200.0,4.0,CB,New Iberia,LA,USA,30.0035365,-91.8187285
4592570,Ian Jackson,Alabama,74.0,220.0,3.0,LB,Prattville,AL,USA,32.4600136,-86.4753174
4592837,Terrion Arnold,Alabama,72.0,196.0,2.0,DB,Tallahassee,FL,USA,30.4380832,-84.2809332
4594449,DeVonta Smith,Alabama,72.0,205.0,3.0,DB,Cincinnati,OH,USA,39.1014537,-84.5124602
4596545,CJ Dippre,Alabama,77.0,262.0,4.0,TE,SCOTT TOWNSHIP,PA,USA,40.3916562,-80.0757903
4602016,Anquin Barnes Jr.,Alabama,77.0,314.0,2.0,DL,Montgomery,AL,USA,32.37742,-86.3091683
4685243,Jeremiah Alexander,Alabama,74.0,232.0,2.0,LB,Alabaster,AL,USA,33.2442813,-86.8163773
4685263,Tyler Booker,Alabama,77.0,325.0,3.0,OL,New Haven,CT,USA,41.3082138,-72.9250518
4685287,Jihaad Campbell,Alabama,75.0,244.0,3.0,LB,Erial,NJ,USA,39.773448,-75.006278
4685381,Emmanuel Henderson Jr.,Alabama,73.0,187.0,3.0,WR,Hartford,AL,USA,31.1019671,-85.6977651
4685437,Earl Little Jr.,Alabama,73.0,186.0,2.0,DB,Fort Lauderdale,FL,USA,26.1223084,-80.1433786
4685441,Kendrick Law,Alabama,71.0,209.0,3.0,WR,Shreveport,LA,USA,32.5135356,-93.7477839
4685477,Jam Miller,Alabama,70.0,218.0,3.0,RB,Tyler,TX,USA,32.3512601,-95.3010624
4685487,Jehiem Oatis,Alabama,77.0,325.0,3.0,DL,Columbia,MS,USA,31.2518582,-89.8353099
4685500,Shawn Murphy,Alabama,74.0,230.0,2.0,LB,Manassas,VA,USA,38.7509488,-77.4752667
4685505,Khurtiss Perry,Alabama,74.0,265.0,2.0,DL,Pike Road,AL,USA,32.2843084,-86.1030169
4685516,Shazz Preston,Alabama,72.0,206.0,2.0,WR,Saint James,LA,USA,30.0096684,-90.7989525
4685519,Elijah Pritchett,Alabama,78.0,327.0,2.0,OL,Columbus,GA,USA,32.4610708,-84.9880449
4685522,Ty Simpson,Alabama,74.0,215.0,2.0,QB,Martin,TN,USA,36.3432777,-88.8503514
4685723,Roydell Williams,Alabama,70.0,214.0,4.0,RB,Hueytown,AL,USA,33.4512197,-86.9966606
4691688,Robbie Ouzts,Alabama,76.0,270.0,4.0,TE,Rock Hill,SC,USA,34.9248667,-81.0250784
4692023,Kristian Story,Alabama,73.0,213.0,4.0,DB,Lanett,AL,USA,32.8687391,-85.1904971
4692024,Malachi Moore,Alabama,72.0,201.0,4.0,DB,Trussville,AL,USA,33.6196266,-86.6084342
4692032,Jordan Smith,Alabama,70.0,210.0,4.0,LB,Chelsea,AL,USA,33.3401108,-86.6302625
4692033,Tim Smith,Alabama,76.0,314.0,4.0,DL,Gifford,FL,USA,27.672998,-80.41788843483906
4692034,Kyle Flood Jr.,Alabama,72.0,212.0,4.0,LB,Middlesex,NJ,USA,40.4279708,-74.3963102
4692044,Jah-Marien Latham,Alabama,75.0,278.0,4.0,DL,Reform,AL,USA,33.378451,-88.0153008
4692048,Que Robinson,Alabama,77.0,241.0,4.0,LB,Birmingham,AL,USA,33.5206824,-86.8024326
4695287,Jonathan Bennett,Alabama,70.0,180.0,4.0,RB,Birmingham,AL,USA,33.5206824,-86.8024326
4695289,Robert Ellis,Alabama,72.0,220.0,4.0,TE,Enterprise,AL,USA,31.3151708,-85.8552161
4695294,Charlie Skehan,Alabama,73.0,235.0,4.0,TE,Columbia,SC,USA,34.0003117,-81.0331309
4695295,Bennett Whisenhunt,Alabama,73.0,222.0,4.0,LB,Vestavia,AL,USA,33.4487989,-86.7879492
4696746,Sam Willoughby,Alabama,70.0,165.0,4.0,WR,,,,,
4708488,Antonio Kite,Alabama,72.0,175.0,2.0,CB,Anniston,AL,USA,33.6624824,-85.8283224
4808839,Isaiah Bond,Alabama,71.0,180.0,3.0,WR,Buford,GA,USA,34.1206564,-84.0043513
4837473,Jake Pope,Alabama,73.0,205.0,2.0,DB,Buford,GA,USA,34.1206564,-84.0043513
4869534,Amari Niblack,Alabama,76.0,245.0,3.0,TE,Saint Petersburg,FL,USA,27.7700475,-82.6359078
4869965,Kobe Prentice,Alabama,70.0,188.0,3.0,WR,Calera,AL,USA,33.1035045,-86.7505733
4870595,Olaus Alinen,Alabama,78.0,335.0,1.0,OL,Pori,,Finland,61.4866126,21.7972071
4870689,Sawyer Deerman,Alabama,70.0,185.0,1.0,WR,Northport,AL,USA,33.2292976,-87.5771286
4870706,Caleb Downs,Alabama,72.0,205.0,2.0,S,Hoschton,GA,USA,34.096496,-83.7612839
4870760,Justice Haynes,Alabama,71.0,210.0,2.0,RB,Buford,GA,USA,34.1206564,-84.0043513
4870776,Jalen Hale,Alabama,73.0,188.0,2.0,WR,Longview,TX,USA,32.5007031,-94.74049
4870778,Edric Hill,Alabama,75.0,275.0,1.0,DL,Kansas City,MO,USA,39.100105,-94.5781416
4870796,Jahlil Hurley,Alabama,74.0,185.0,1.0,DB,Florence,AL,USA,34.79981,-87.677251
4870819,Eli Holstein,Alabama,76.0,225.0,1.0,QB,Zachary,LA,USA,30.6485191,-91.1564961
4870856,Tony Mitchell,Alabama,74.0,205.0,1.0,DB,Alabaster,AL,USA,33.2442813,-86.8163773
4870870,Ty Lockwood,Alabama,77.0,239.0,1.0,TE,Thompsons Station,TN,USA,35.79026242289736,-86.86654140885472
4870878,Hunter Osborne,Alabama,76.0,298.0,1.0,DL,Trussville,AL,USA,33.6196266,-86.6084342
4870879,Keon Keeley,Alabama,77.0,277.0,1.0,LB,Tampa,FL,USA,27.9477595,-82.458444
4870899,Miles McVay,Alabama,78.0,342.0,1.0,OL,East Saint Louis,IL,USA,38.6268666,-90.159707
4870900,Dylan Lonergan,Alabama,74.0,214.0,1.0,QB,Snellville,GA,USA,33.857328,-84.0199108
4870969,James Smith,Alabama,75.0,296.0,2.0,DL,Montgomery,AL,USA,32.37742,-86.3091683
4870970,Yhonzae Pierre,Alabama,75.0,239.0,1.0,LB,Eufaula,AL,USA,31.8912717,-85.1454876
4870975,Jordan Renaud,Alabama,76.0,268.0,1.0,DL,Sarasota,FL,USA,27.3365805,-82.5308545
4870976,Kadyn Proctor,Alabama,79.0,369.0,2.0,OL,Des Moines,IA,USA,41.5868654,-93.6249494
4871081,Richard Young,Alabama,71.0,216.0,1.0,RB,Lehigh Acres,FL,USA,26.6040585,-81.65813327163374
4875813,Hayden Neighbors,Alabama,75.0,185.0,3.0,WR,Huntsville,AL,USA,34.729847,-86.5859011
4880041,Kneeland Hibbett,Alabama,74.0,240.0,4.0,LS,Florence,AL,USA,34.79981,-87.677251
4880045,Graham Roten,Alabama,75.0,285.0,4.0,OL,Fairview,TN,USA,35.9820074,-87.1213953
4880046,Adam Thorsland,Alabama,77.0,232.0,4.0,TE,Walhalla,SC,USA,34.7648176,-83.0640417
4880048,James Burnip,Alabama,78.0,236.0,4.0,P,Mount Macedon,VIC,Australia,-37.3902615,144.59074126191737
4880051,Reid Schuback,Alabama,72.0,185.0,4.0,PK,Poway,CA,USA,32.9628234,-117.035864
4881430,Kade Wehby,Alabama,69.0,185.0,4.0,LS,Plantation,FL,USA,26.1275862,-80.2331036
4888707,Danny Lewis Jr.,Alabama,77.0,257.0,2.0,TE,New Iberia,LA,USA,30.0035365,-91.8187285
4899475,Wilkin Formby,Alabama,79.0,324.0,1.0,OL,Tuscaloosa,AL,USA,33.2095614,-87.5675258
4900374,Isaiah Hastings,Alabama,76.0,294.0,2.0,DL,Toronto,ON,Canada,43.6534817,-79.3839347
4917371,Alex Rozier,Alabama,76.0,220.0,3.0,LS,Hattiesburg,MS,USA,31.3271189,-89.2903392
4918121,Cole Adams,Alabama,70.0,181.0,1.0,WR,Owasso,OK,USA,36.2659698,-95.8548557
5077638,Bray Hubbard,Alabama,74.0,204.0,2.0,DB,Ocean Springs,MS,USA,30.4112904,-88.8279165
5079656,Dezz Ricks,Alabama,73.0,195.0,1.0,DB,Norfolk,VA,USA,36.8493695,-76.2899539
5080694,Jax Porter,Alabama,78.0,232.0,2.0,TE,Dallas,TX,USA,32.7762719,-96.7968559
5081854,Conor Talty,Alabama,73.0,198.0,1.0,PK,Chicago,IL,USA,41.8755616,-87.6244212
5082260,Coby McNeal,Alabama,77.0,250.0,3.0,TE,Dothan,AL,USA,31.2237285,-85.3934375
5089445,JD Baird,Alabama,68.0,190.0,3.0,LB,Tuscaloosa,AL,USA,33.2095614,-87.5675258
5089446,Upton Bellenfant,Alabama,74.0,175.0,2.0,PK,Brentwood,TN,USA,36.0325687,-86.7825235
5089447,Prince Butler,Alabama,73.0,200.0,3.0,DB,Alexandria,VA,USA,38.8051095,-77.0470229
5089448,Zarian Courtney,Alabama,74.0,183.0,4.0,WR,Arlington,TX,USA,32.7355816,-97.1071186
5089450,Peyton Fox,Alabama,76.0,225.0,3.0,TE,Pelham,AL,USA,33.285669,-86.8099884
5089452,Wilder Hines,Alabama,74.0,240.0,2.0,OL,Birmingham,AL,USA,33.5206824,-86.8024326
5089453,Miles Kitselman,Alabama,77.0,256.0,4.0,TE,Lyndon,KS,USA,38.6100099,-95.684429
5089454,Jay Loper Jr.,Alabama,71.0,180.0,3.0,WR,Daphne,AL,USA,30.6035255,-87.9036047
5089455,Michael Lorino III,Alabama,72.0,185.0,3.0,RB,Birmingham,AL,USA,33.5206824,-86.8024326
5089456,Caleb McDougle,Alabama,71.0,207.0,4.0,DB,Muscle Shoals,AL,USA,34.7436791,-87.6532615
5089458,Vito Perri,Alabama,72.0,205.0,2.0,LB,Alpharetta,GA,USA,34.0709576,-84.2747329
5089459,Ty Roper,Alabama,68.0,189.0,2.0,DB,Foley,AL,USA,30.4065868,-87.6835974
5089461,Nick Serpa,Alabama,76.0,215.0,4.0,P,Foothill Ranch,CA,USA,33.6837644,-117.662249
5089462,Jack Standeffer,Alabama,70.0,160.0,2.0,WR,Tuscaloosa,AL,USA,33.2095614,-87.5675258
5093292,Cade Carruth,Alabama,73.0,195.0,3.0,QB,Trussville,AL,USA,33.6196266,-86.6084342
5100330,MJ Chirgwin,Alabama,72.0,195.0,3.0,WR,Huntington Beach,CA,USA,33.6783336,-118.000016
5100332,Alijah May,Alabama,71.0,195.0,4.0,DB,Pinson,AL,USA,33.6889908,-86.6833229
5100334,Peyton Yates,Alabama,70.0,180.0,3.0,DB,Eads,TN,USA,35.2045325,-89.6492471
5104212,Jaren Hamilton,Alabama,73.0,195.0,1.0,WR,Gainesville,FL,USA,29.6519684,-82.3249846
5150247,Malik Benson,Alabama,73.0,195.0,4.0,WR,Lansing,KS,USA,39.248739,-94.900246
5150249,Justin Jefferson,Alabama,73.0,228.0,4.0,LB,Memphis,TN,USA,35.1460249,-90.0517638
5150250,Roq Montgomery,Alabama,75.0,337.0,1.0,OL,Anniston,AL,USA,33.6624824,-85.8283224
5150251,Qua Russaw,Alabama,74.0,251.0,1.0,LB,Montgomery,AL,USA,32.37742,-86.3091683
5159905,Walter Sansing,Alabama,70.0,160.0,2.0,DB,Homewood,AL,USA,33.4737098,-86.8084509
5159906,Kaleb Fleming,Alabama,73.0,205.0,3.0,WR,Macomb,MI,USA,42.6741189,-82.902901
5159907,Jake Ivie,Alabama,72.0,205.0,2.0,LB,Alabaster,AL,USA,33.2442813,-86.8163773
5159908,JR Gardner,Alabama,71.0,185.0,2.0,RB,Gulf Shores,AL,USA,30.2711224,-87.6893826
5159909,Tonio Ross,Alabama,74.0,180.0,1.0,DB,Alexandria,AL,USA,33.768705800000006,-85.88067598757408
5159910,Kolby Peavy,Alabama,73.0,180.0,2.0,DB,Monroeville,AL,USA,31.5278224,-87.3246325
5159911,Conner Warhurst,Alabama,74.0,190.0,2.0,DB,Russellville,AL,USA,34.5068228,-87.7290264
5159912,Brock O'Quinn,Alabama,73.0,210.0,1.0,LS,Southlake,TX,USA,32.9412363,-97.1341783
5159913,Noland Asberry,Alabama,73.0,190.0,3.0,LB,Mobile,AL,USA,30.6913462,-88.0437509
5159914,Braylon Chatman,Alabama,72.0,200.0,2.0,LB,Trussville,AL,USA,33.6196266,-86.6084342
5159915,Davis Peterson,Alabama,73.0,235.0,2.0,OL,Birmingham,AL,USA,33.5206824,-86.8024326
5159916,Mac Smith,Alabama,75.0,270.0,2.0,OL,Birmingham,AL,USA,33.5206824,-86.8024326
5159917,Baker Hickman,Alabama,75.0,315.0,2.0,OL,Tuscaloosa,AL,USA,33.2095614,-87.5675258
5159918,Billy Roby,Alabama,71.0,245.0,2.0,OL,Huntsville,AL,USA,34.729847,-86.5859011
5159919,Lane Whisenhunt,Alabama,74.0,285.0,2.0,LB,Vestavia Hills,AL,USA,33.4487989,-86.7879492
5159920,Reed Harradine,Alabama,75.0,185.0,1.0,PK,Birmingham,AL,USA,33.5206824,-86.8024326
