"id","name","team","height","weight","year","position","hometown","state","country","latitude","longitude","formatted_height","stars"
4360423,"Michael Penix Jr.","Washington","75.0","213.0","4","QB","Tampa","FL","USA","27.947760","-82.458444","6'3""","3"
4361025,"Jack Tuttle","Michigan","76.0","211.0","4","QB","San Marcos","CA","USA","33.135300","-117.174340","6'4""","4"
4361094,"Dominique Hampton","Washington","75.0","220.0","4","CB","Glendale","AZ","USA","33.538686","-112.185994","6'3""","3"
4361095,"Richard Newton","Washington","72.0","223.0","4","RB","Lancaster","CA","USA","34.698106","-118.136615","6'0""","3"
4361100,"Jack Westover","Washington","75.0","248.0","4","TE","Bellevue","WA","USA","47.614422","-122.192337","6'3""","0"
4361105,"Zion Tupuola-Fetui","Washington","76.0","254.0","4","DE","Pearl City","HI","USA","21.400123","-157.969428","6'4""","3"
4361107,"Ulumoo Ale","Washington","78.0","327.0","4","DL","Tacoma","WA","USA","47.245501","-122.438329","6'6""","3"
4361109,"Matteo Mele","Washington","78.0","298.0","4","OL","Tucson","AZ","USA","32.222877","-110.974847","6'6""","3"
4361112,"Devin Culp","Washington","76.0","237.0","4","TE","Spokane","WA","USA","47.657193","-117.423510","6'4""","3"
4361113,"Tuli Letuligasenoa","Washington","73.0","292.0","4","DL","Concord","CA","USA","37.976853","-122.033562","6'1""","4"
4361991,"Cam Goode","Michigan","73.0","314.0","4","DL","Washington","DC","USA","38.895037","-77.036543","6'1""","3"
4362103,"Christian Jones","Texas","78.0","321.0","4","OL","Cypress","TX","USA","29.969112","-95.697169","6'6""","3"
4363417,"Jaylen Key","Alabama","74.0","210.0","4","DB","Tallahassee","FL","USA","30.438083","-84.280933","6'2""","3"
4369467,"Zach Peterson","Michigan","73.0","190.0","4","WR","Roswell","GA","USA","34.023320","-84.360022","6'1""","0"
4372062,"Michael Barrett","Michigan","72.0","239.0","4","LB","Valdosta","GA","USA","30.832702","-83.278485","6'0""","3"
4372065,"German Green","Michigan","74.0","190.0","4","DB","Desoto","TX","USA","32.589783","-96.857018","6'2""","3"
4374280,"Edefuan Ulofoshio","Washington","73.0","236.0","4","LB","Anchorage","AK","USA","61.216313","-149.894852","6'1""","2"
4426352,"Jacob Bandes","Washington","75.0","307.0","4","DL","Pittsburg","CA","USA","38.018175","-121.890123","6'3""","4"
4426380,"Faatui Tuitele","Washington","75.0","317.0","3","DL","Honolulu","HI","USA","21.304547","-157.855676","6'3""","4"
4426398,"David Gbenda","Texas","72.0","235.0","4","LB","Katy","TX","USA","29.785785","-95.824396","6'0""","4"
4426450,"Trente Jones","Michigan","76.0","325.0","4","OL","Grayson","GA","USA","33.894273","-83.955740","6'4""","4"
4426479,"Cornelius Johnson","Michigan","75.0","208.0","4","WR","Greenwich","CT","USA","41.026486","-73.628460","6'3""","4"
4426638,"Karsen Barnhart","Michigan","77.0","316.0","4","OL","Paw Paw","MI","USA","42.217817","-85.891125","6'5""","4"
4426651,"Patrick Bayouth","Texas","76.0","281.0","4","TE","Bellaire","TX","USA","29.705786","-95.458830","6'4""","3"
4426677,"Trezmen Marshall","Alabama","73.0","236.0","3","LB","Homerville","GA","USA","31.036598","-82.747085","6'1""","4"
4426821,"Julius Buelow","Washington","80.0","315.0","4","OL","Kapolei","HI","USA","21.334008","-158.077849","6'8""","4"
4426836,"Jett Bush","Texas","74.0","242.0","4","LB","Houston","TX","USA","29.758938","-95.367697","6'2""","2"
4427140,"Trevor Keegan","Michigan","78.0","320.0","4","OL","Crystal Lake","IL","USA","42.241134","-88.316197","6'6""","4"
4427160,"Kamren Fabiculanan","Washington","73.0","200.0","4","S","Camarillo","CA","USA","34.217637","-119.038354","6'1""","4"
4427170,"Troy Fautanu","Washington","76.0","317.0","3","OL","Henderson","NV","USA","36.031984","-114.982249","6'4""","4"
4427219,"Drew Fowler","Washington","73.0","222.0","4","LB","Bellevue","WA","USA","47.614422","-122.192337","6'1""","3"
4427294,"Ralen Goforth","Washington","74.0","237.0","4","LB","Long Beach","CA","USA","33.769016","-118.191604","6'2""","3"
4427448,"LaDarius Henderson","Michigan","76.0","315.0","4","OL","Waxahachie","TX","USA","32.394491","-96.843937","6'4""","3"
4427569,"Giles Jackson","Washington","69.0","187.0","4","WR","Antioch","CA","USA","38.004921","-121.805789","5'9""","4"
4427676,"Nate Kalepo","Washington","78.0","325.0","4","OL","Renton","WA","USA","47.479908","-122.203450","6'6""","4"
4427736,"Caden Kolesar","Michigan","70.0","195.0","4","DB","Westlake","OH","USA","41.455323","-81.917917","5'10""","0"
4428116,"Isaiah Neyor","Texas","76.0","220.0","4","WR","Fort Worth","TX","USA","32.753177","-97.332746","6'4""","2"
4428144,"Drake Nugent","Michigan","74.0","301.0","4","OL","Lone Tree","CO","USA","39.536415","-104.904153","6'2""","3"
4428414,"Mike Sainristil","Michigan","70.0","182.0","4","DB","Everett","MA","USA","42.408430","-71.053663","5'10""","3"
4428617,"T'Vondre Sweat","Texas","76.0","362.0","4","DL","Huntsville","TX","USA","30.723526","-95.550777","6'4""","3"
4428713,"Bralen Trice","Washington","76.0","274.0","3","DE","Phoenix","AZ","USA","33.448437","-112.074141","6'4""","3"
4428726,"Alphonzo Tuputala","Washington","74.0","230.0","4","LB","Federal Way","WA","USA","47.313494","-122.339310","6'2""","3"
4428989,"Chris Braswell","Alabama","75.0","255.0","4","LB","Baltimore","MD","USA","39.290882","-76.610759","6'3""","5"
4429000,"Myles Hinton","Michigan","78.0","342.0","4","OL","Johns Creek","GA","USA","34.018156","-84.190196","6'6""","4"
4429001,"Jase McClellan","Alabama","71.0","212.0","4","RB","Aledo","TX","USA","32.697994","-97.603994","5'11""","5"
4429005,"Braiden McGregor","Michigan","78.0","267.0","4","DE","Port Huron","MI","USA","42.976085","-82.433374","6'6""","4"
4429033,"Jermaine Burton","Alabama","72.0","194.0","4","WR","Calabasas","CA","USA","34.144664","-118.644097","6'0""","4"
4429040,"Vernon Broughton","Texas","76.0","305.0","4","DL","Houston","TX","USA","29.758938","-95.367697","6'4""","4"
4429058,"Jaylen Harrell","Michigan","76.0","242.0","4","DE","Tampa","FL","USA","27.947760","-82.458444","6'4""","4"
4429089,"Geirean Hatchett","Washington","77.0","312.0","4","OL","Ferndale","WA","USA","48.846670","-122.589723","6'5""","4"
4429096,"Blake Corum","Michigan","68.0","213.0","4","RB","Marshall","VA","USA","38.864698","-77.858021","5'8""","4"
4429121,"Kalel Mullings","Michigan","74.0","233.0","4","RB","West Roxbury","MA","USA","42.279265","-71.149497","6'2""","4"
4429139,"Makari Paige","Michigan","76.0","208.0","4","DB","West Bloomfield","MI","USA","42.567616","-83.359256","6'4""","4"
4429186,"Sam Adams II","Washington","74.0","212.0","3","RB","Kirkland","WA","USA","47.676538","-122.207078","6'2""","4"
4429187,"Seth McLaughlin","Alabama","76.0","305.0","4","OL","Buford","GA","USA","34.120656","-84.004351","6'4""","3"
4429381,"Trill Carter","Texas","72.0","299.0","4","DL","Leesburg","GA","USA","31.732456","-84.171197","6'0""","3"
4429490,"Carson Bruener","Washington","74.0","226.0","4","LB","Woodinville","WA","USA","47.754583","-122.158890","6'2""","3"
4429552,"Eamonn Dennis","Michigan","69.0","194.0","4","WR","Worcester","MA","USA","42.262562","-71.801888","5'9""","3"
4429694,"Makell Esteen","Washington","73.0","202.0","3","S","Hawthorne","CA","USA","33.912827","-118.342612","6'1""","3"
4429913,"Quinten Johnson","Michigan","71.0","203.0","4","DB","Washington","DC","USA","38.895037","-77.036543","5'11""","4"
4430565,"Will Nixon","Washington","71.0","202.0","3","RB","Waco","TX","USA","31.549190","-97.147463","5'11""","3"
4430616,"Asa Turner","Washington","75.0","210.0","4","DB","Carlsbad","CA","USA","33.158093","-117.350597","6'3""","4"
4430637,"Ja'Lynn Polk","Washington","74.0","204.0","2","WR","Lufkin","TX","USA","31.338624","-94.728856","6'2""","3"
4430638,"Joey Velazquez","Michigan","71.0","226.0","4","LB","Columbus","OH","USA","39.962260","-83.000707","5'11""","3"
4430810,"Daniyel Ngata","Washington","69.0","191.0","4","RB","Folsom","CA","USA","38.677959","-121.176058","5'9""","4"
4430814,"Jake Majors","Texas","75.0","315.0","4","OL","Prosper","TX","USA","33.238576","-96.786606","6'3""","4"
4430821,"Kitan Crawford","Texas","71.0","206.0","4","S","Tyler","TX","USA","32.351260","-95.301062","5'11""","4"
4430834,"Jalen McMillan","Washington","73.0","192.0","3","WR","Fresno","CA","USA","36.739442","-119.784830","6'1""","5"
4430835,"Alfred Collins","Texas","77.0","320.0","4","DL","Bastrop","TX","USA","30.054112","-97.388776","6'5""","5"
4430876,"Roger Rosengarten","Washington","78.0","300.0","2","OL","Highlands Ranch","CO","USA","39.549724","-104.969565","6'6""","4"
4430888,"Jerrin Thompson","Texas","72.0","186.0","4","S","Lufkin","TX","USA","31.338624","-94.728856","6'0""","4"
4430915,"Reece Atteberry","Michigan","77.0","309.0","4","DL","Aurora","CO","USA","39.740511","-104.830994","6'5""","3"
4430925,"Jahdae Barron","Texas","71.0","200.0","4","DB","Pflugerville","TX","USA","30.439370","-97.620004","5'11""","4"
4431212,"Junior Colson","Michigan","75.0","247.0","3","LB","Brentwood","TN","USA","36.032569","-86.782524","6'3""","4"
4431214,"Hayden Conner","Texas","77.0","320.0","4","OL","Katy","TX","USA","29.785785","-95.824396","6'5""","3"
4431256,"Cristian Dixon","Michigan","74.0","197.0","3","WR","Santa Ana","CA","USA","33.749495","-117.873221","6'2""","4"
4431264,"Gaard Memmelaar","Washington","76.0","299.0","3","OL","Caldwell","ID","USA","43.667874","-116.689415","6'4""","3"
4431288,"Monkell Goodwine","Alabama","75.0","311.0","3","DT","Upper Marlboro","MD","USA","38.816245","-76.751708","6'3""","4"
4431299,"Rome Odunze","Washington","75.0","215.0","3","WR","Las Vegas","NV","USA","36.167256","-115.148516","6'3""","4"
4431317,"Jeffrey Persi","Michigan","80.0","310.0","4","OL","Mission Viejo","CA","USA","33.596569","-117.659405","6'8""","4"
4431414,"Tim Keenan III","Alabama","74.0","326.0","3","DL","Birmingham","AL","USA","33.520682","-86.802433","6'2""","4"
4431437,"JC Latham","Alabama","78.0","360.0","3","OL","Oak Creek","WI","USA","42.898729","-87.917797","6'6""","5"
4431492,"Roman Wilson","Michigan","72.0","192.0","4","WR","Honolulu","HI","USA","21.304547","-157.855676","6'0""","4"
4431500,"Kendrick Blackshire","Alabama","73.0","250.0","4","LB","Duncanville","TX","USA","32.651800","-96.908337","6'1""","4"
4431503,"Damon Payne Jr.","Alabama","76.0","313.0","3","DL","Belleville","MI","USA","42.204841","-83.485211","6'4""","5"
4431506,"Ja'Corey Brooks","Alabama","75.0","195.0","4","WR","Miami","FL","USA","25.774173","-80.193620","6'3""","0"
4431513,"Tyler Buchner","Alabama","73.0","215.0","4","WR","San Diego","CA","USA","32.717420","-117.162772","6'1""","4"
4431529,"Jaeden Roberts","Alabama","77.0","310.0","3","OL","Houston","TX","USA","29.758938","-95.367697","6'5""","4"
4431536,"Donovan Edwards","Michigan","73.0","212.0","4","RB","West Bloomfield","MI","USA","42.567616","-83.359256","6'1""","5"
4431538,"Giovanni El-Hadi","Michigan","77.0","310.0","4","OL","Sterling Heights","MI","USA","42.580312","-83.030203","6'5""","4"
4431542,"TJ Ferguson","Alabama","76.0","330.0","3","OL","Fort Valley","GA","USA","32.553759","-83.887408","6'4""","5"
4431588,"Ja'Tavion Sanders","Texas","76.0","243.0","3","TE","Denton","TX","USA","33.183879","-97.141342","6'4""","5"
4432260,"Matthew Hibner","Michigan","77.0","254.0","4","TE","Burke","VA","USA","38.778416","-77.274964","6'5""","4"
4432272,"Gavin Holmes","Texas","71.0","185.0","4","DB","New Orleans","LA","USA","29.975998","-90.078213","5'11""","3"
4432301,"Kris Jenkins","Michigan","75.0","305.0","4","DL","Olney","MD","USA","39.153212","-77.066841","6'3""","3"
4432440,"Jabbar Muhammad","Washington","70.0","183.0","4","DB","Desoto","TX","USA","32.589783","-96.857018","5'10""","3"
4432466,"Samuel Peacock","Washington","78.0","296.0","2","OL","Gig Harbor","WA","USA","47.325970","-122.587866","6'6""","3"
4432658,"Raheem Anderson","Michigan","75.0","318.0","4","OL","Detroit","MI","USA","42.331551","-83.046640","6'3""","4"
4432661,"Rayshaun Benny","Michigan","76.0","296.0","4","DL","Detroit","MI","USA","42.331551","-83.046640","6'4""","4"
4432684,"Greg Crippen","Michigan","76.0","309.0","4","OL","Northborough","MA","USA","42.319602","-71.642241","6'4""","4"
4432725,"Deontae Lawson","Alabama","74.0","239.0","3","LB","Mobile","AL","USA","30.691346","-88.043751","6'2""","5"
4432734,"Jalen Milroe","Alabama","74.0","225.0","3","QB","Katy","TX","USA","29.785785","-95.824396","6'2""","4"
4433963,"Zak Zinter","Michigan","78.0","322.0","4","OL","North Andover","MA","USA","42.683989","-71.112707","6'6""","4"
4433970,"J.J. McCarthy","Michigan","75.0","202.0","3","QB","La Grange Park","IL","USA","41.833365","-87.867732","6'3""","5"
4433975,"Kool-Aid McKinstry","Alabama","73.0","195.0","3","DB","Birmingham","AL","USA","33.520682","-86.802433","6'1""","5"
4489406,"Chase Davis","Alabama","73.0","182.0","3","DB","Tuscaloosa","AL","USA","33.209561","-87.567526","6'1""","0"
4565190,"Dallas Turner","Alabama","76.0","242.0","3","LB","Fort Lauderdale","FL","USA","26.122308","-80.143379","6'4""","5"
4566088,"Jaylan Ford","Texas","75.0","242.0","4","LB","Frisco","TX","USA","33.150600","-96.823818","6'3""","3"
4567095,"Keilan Robinson","Texas","69.0","188.0","4","RB","Washington","DC","USA","38.895037","-77.036543","5'9""","4"
4567104,"Will Reichard","Alabama","73.0","194.0","4","PK","Hoover","AL","USA","33.350293","-86.851123","6'1""","3"
4567132,"Darrian Dalcourt","Alabama","75.0","310.0","4","OL","Havre De Grace","MD","USA","39.548827","-76.089826","6'3""","4"
4567138,"Justin Eboigbe","Alabama","77.0","292.0","4","DL","Forest Park","GA","USA","33.622054","-84.369092","6'5""","4"
4567148,"Jalen Catalon","Texas","71.0","205.0","4","DB","Mansfield","TX","USA","32.563487","-97.142031","5'11""","4"
4567783,"James Brockermeyer","Alabama","75.0","285.0","3","OL","Fort Worth","TX","USA","32.753177","-97.332746","6'3""","4"
4568075,"Juan Davis","Texas","76.0","235.0","4","TE","Fort Worth","TX","USA","32.753177","-97.332746","6'4""","3"
4569337,"Ryan Sanborn","Texas","75.0","211.0","1","P","San Diego","CA","USA","32.717420","-117.162772","6'3""","3"
4569382,"Jordan Whittington","Texas","73.0","204.0","4","WR","Cuero","TX","USA","29.093804","-97.290056","6'1""","5"
4569409,"Gabriel Lozano","Texas","73.0","185.0","4","PK","Austin","TX","USA","30.271129","-97.743700","6'1""","0"
4569594,"Cameron Davis","Washington","72.0","214.0","4","RB","Bryant","AR","USA","34.595905","-92.488348","6'0""","4"
4569598,"Dylan Morris","Washington","73.0","202.0","4","QB","Puyallup","WA","USA","47.184901","-122.292140","6'1""","4"
4569600,"Mishael Powell","Washington","73.0","210.0","4","DB","Seattle","WA","USA","47.603832","-122.330062","6'1""","3"
4570039,"Keanu Koht","Alabama","76.0","242.0","3","LB","Vero Beach","FL","USA","27.638716","-80.397540","6'4""","5"
4570040,"Byron Murphy II","Texas","73.0","308.0","3","DL","Desoto","TX","USA","32.589783","-96.857018","6'1""","4"
4571267,"Dale Chesson","Michigan","72.0","194.0","4","WR","Saint Louis","MO","USA","38.628028","-90.191015","6'0""","0"
4572041,"Danny Hughes","Michigan","72.0","208.0","4","RB","Naperville","IL","USA","41.772870","-88.147928","6'0""","0"
4572043,"Leon Franklin","Michigan","69.0","205.0","4","RB","Southfield","MI","USA","42.473369","-83.221873","5'9""","0"
4572050,"Keshaun Harris","Michigan","71.0","192.0","4","DB","Lansing","MI","USA","42.733825","-84.554630","5'11""","0"
4572051,"William Wagner","Michigan","74.0","245.0","4","LS","Alpharetta","GA","USA","34.070958","-84.274733","6'2""","0"
4572371,"Josh Wallace","Michigan","72.0","190.0","4","DB","Hyattsville","MD","USA","38.952944","-76.940865","6'0""","3"
4574689,"Trey Amos","Alabama","73.0","200.0","4","CB","New Iberia","LA","USA","30.003537","-91.818729","6'1""","3"
4574713,"Jaden Green","Washington","71.0","214.0","3","LS","Gilbert","AZ","USA","33.352763","-111.789037","5'11""","3"
4575529,"James Turner","Michigan","72.0","196.0","4","PK","Saline","MI","USA","42.166707","-83.781608","6'0""","0"
4575923,"Elijah Jackson","Washington","73.0","193.0","3","CB","Carson","CA","USA","33.832204","-118.251755","6'1""","3"
4576297,"AJ Barner","Michigan","78.0","251.0","4","TE","Aurora","OH","USA","41.317555","-81.345386","6'6""","3"
4578494,"Sawyer Goram-Welch","Texas","76.0","307.0","4","DL","Longview","TX","USA","32.500703","-94.740490","6'4""","3"
4581579,"Sekai Asoau-Afoa","Washington","76.0","263.0","4","DE","Tacoma","WA","USA","47.245501","-122.438329","6'4""","0"
4588194,"Dyson McCutcheon","Washington","71.0","182.0","3","DB","Claremont","CA","USA","34.096676","-117.719779","5'11""","3"
4592570,"Ian Jackson","Alabama","74.0","220.0","3","LB","Prattville","AL","USA","32.460014","-86.475317","6'2""","4"
4592837,"Terrion Arnold","Alabama","72.0","196.0","2","DB","Tallahassee","FL","USA","30.438083","-84.280933","6'0""","5"
4594449,"DeVonta Smith","Alabama","72.0","205.0","3","DB","Cincinnati","OH","USA","39.101454","-84.512460","6'0""","0"
4594984,"Tavierre Dunlap","Michigan","72.0","229.0","4","RB","Del Valle","TX","USA",NULL,NULL,"6'0""","3"
4596357,"Kechaun Bennett","Michigan","76.0","257.0","4","DE","Suffield","CT","USA","41.981694","-72.650660","6'4""","4"
4596545,"CJ Dippre","Alabama","77.0","262.0","4","TE","SCOTT TOWNSHIP","PA","USA","40.391656","-80.075790","6'5""","3"
4597500,"Adonai Mitchell","Texas","76.0","196.0","3","WR","Missouri City","TX","USA","29.618567","-95.537722","6'4""","4"
4599197,"Tristan Bounds","Michigan","80.0","305.0","4","OL","Wallingford","CT","USA","41.457042","-72.823155","6'8""","3"
4600387,"TJ Guy","Michigan","76.0","250.0","4","DE","Mansfield","MA","USA","42.033433","-71.218941","6'4""","3"
4602016,"Anquin Barnes Jr.","Alabama","77.0","314.0","2","DL","Montgomery","AL","USA","32.377420","-86.309168","6'5""","0"
4602199,"Charles Wright","Texas","73.0","203.0","2","QB","Austin","TX","USA","30.271129","-97.743700","6'1""","3"
4602936,"Morice Blackwell Jr.","Texas","73.0","220.0","4","LB","Arlington","TX","USA","32.735582","-97.107119","6'1""","4"
4603101,"Rod Moore","Michigan","72.0","198.0","4","DB","Clayton","OH","USA","39.863110","-84.360502","6'0""","3"
4603190,"Casey Cain","Texas","75.0","200.0","3","WR","New Orleans","LA","USA","29.975998","-90.078213","6'3""","3"
4611768,"Jaydon Hood","Michigan","73.0","225.0","4","LB","Fort Lauderdale","FL","USA","26.122308","-80.143379","6'1""","4"
4678008,"Jonathon Brooks","Texas","72.0","207.0","2","RB","Hallettsville","TX","USA","29.443853","-96.941093","6'0""","4"
4682698,"Dominick Giudice","Michigan","76.0","310.0","4","OL","Freehold","NJ","USA","40.260110","-74.273757","6'4""","3"
4682758,"Tommy Doman","Michigan","76.0","215.0","4","PK","Rochester Hills","MI","USA","42.658366","-83.149932","6'4""","3"
4682983,"Josaiah Stewart","Michigan","73.0","245.0","4","DE","Everett","MA","USA","42.408430","-71.053663","6'1""","3"
4683062,"Xavier Worthy","Texas","73.0","172.0","3","WR","Fresno","CA","USA","36.739442","-119.784830","6'1""","5"
4683118,"Ja'Den McBurrows","Michigan","71.0","194.0","4","DB","Fort Lauderdale","FL","USA","26.122308","-80.143379","5'11""","3"
4683138,"Voi Tunuufi","Washington","73.0","282.0","4","EDGE","South Jordan","UT","USA","40.558488","-111.936711","6'1""","3"
4683181,"Robert Wyrsch","Washington","79.0","293.0","2","OL","Capitola","CA","USA","36.976293","-121.954057","6'7""","3"
4683262,"Tyler McLaurin","Michigan","75.0","252.0","4","DE","Bolingbrook","IL","USA","41.700330","-88.071771","6'3""","3"
4683386,"William Haskell","Washington","76.0","200.0","2","QB","Glendale","AZ","USA","33.538686","-112.185994","6'4""","3"
4683554,"Darren Barkins","Washington","71.0","169.0","3","CB","Spring Valley","CA","USA","32.729571","-116.966890","5'11""","3"
4683643,"Barryn Sorrell","Texas","76.0","260.0","4","LB","New Orleans","LA","USA","29.975998","-90.078213","6'4""","3"
4684069,"Maurice Heims","Washington","77.0","263.0","3","EDGE","Hamburg",NULL,"Germany","53.550341","10.000654","6'5""","3"
4685092,"Ryan Watts","Texas","75.0","213.0","4","DB","Little Elm","TX","USA","33.162619","-96.937505","6'3""","4"
4685240,"Malik Agbo","Texas","76.0","300.0","2","OL","Federal Way","WA","USA","47.313494","-122.339310","6'4""","4"
4685241,"BJ Allen Jr.","Texas","72.0","191.0","2","S","Aledo","TX","USA","32.697994","-97.603994","6'0""","4"
4685243,"Jeremiah Alexander","Alabama","74.0","232.0","2","LB","Alabaster","AL","USA","33.244281","-86.816377","6'2""","5"
4685260,"Kelvin Banks Jr.","Texas","76.0","320.0","3","OL","Humble","TX","USA","29.998831","-95.262155","6'4""","5"
4685261,"Germie Bernard","Washington","73.0","209.0","3","WR","Henderson","NV","USA","36.031984","-114.982249","6'1""","4"
4685263,"Tyler Booker","Alabama","77.0","325.0","3","OL","New Haven","CT","USA","41.308214","-72.925052","6'5""","0"
4685279,"Jaydon Blue","Texas","72.0","200.0","3","RB","Houston","TX","USA","29.758938","-95.367697","6'0""","4"
4685287,"Jihaad Campbell","Alabama","75.0","244.0","3","LB","Erial","NJ","USA","39.773448","-75.006278","6'3""","5"
4685297,"Darrius Clemons","Michigan","75.0","211.0","3","WR","Portland","OR","USA","45.520247","-122.674194","6'3""","4"
4685311,"Jayden Denegal","Michigan","77.0","235.0","3","QB","Apple Valley","CA","USA","34.500831","-117.185876","6'5""","3"
4685322,"Tristan Dunn","Washington","76.0","191.0","2","S","Sumner","WA","USA","47.206188","-122.231238","6'4""","3"
4685331,"Justice Finkley","Texas","74.0","250.0","3","LB","Trussville","AL","USA","33.619627","-86.608434","6'2""","4"
4685375,"Jaylon Guilbeau","Texas","72.0","190.0","3","DB","Port Arthur","TX","USA","29.871658","-93.933230","6'0""","4"
4685381,"Emmanuel Henderson Jr.","Alabama","73.0","187.0","3","WR","Hartford","AL","USA","31.101967","-85.697765","6'1""","5"
4685408,"Will Johnson","Michigan","74.0","202.0","3","DB","Detroit","MI","USA","42.331551","-83.046640","6'2""","5"
4685410,"Austin Jordan","Texas","72.0","198.0","3","DB","Denton","TX","USA","33.183879","-97.141342","6'0""","4"
4685422,"Kody Jones","Michigan","71.0","193.0","3","DB","Memphis","TN","USA","35.146025","-90.051764","5'11""","4"
4685437,"Earl Little Jr.","Alabama","73.0","186.0","2","DB","Fort Lauderdale","FL","USA","26.122308","-80.143379","6'1""","4"
4685441,"Kendrick Law","Alabama","71.0","209.0","3","WR","Shreveport","LA","USA","32.513536","-93.747784","5'11""","4"
4685461,"Derrick Moore","Michigan","75.0","256.0","3","DE","Baltimore","MD","USA","39.290882","-76.610759","6'3""","5"
4685464,"Tyler Morris","Michigan","71.0","185.0","3","WR","Bolingbrook","IL","USA","41.700330","-88.071771","5'11""","4"
4685477,"Jam Miller","Alabama","70.0","218.0","3","RB","Tyler","TX","USA","32.351260","-95.301062","5'10""","4"
4685487,"Jehiem Oatis","Alabama","77.0","325.0","3","DL","Columbia","MS","USA","31.251858","-89.835310","6'5""","5"
4685495,"Alex Orji","Michigan","75.0","235.0","3","QB","Sachse","TX","USA","32.976233","-96.595270","6'3""","3"
4685497,"Maalik Murphy","Texas","77.0","230.0","2","QB","Inglewood","CA","USA","33.956200","-118.353132","6'5""","4"
4685500,"Shawn Murphy","Alabama","74.0","230.0","2","LB","Manassas","VA","USA","38.750949","-77.475267","6'2""","5"
4685505,"Khurtiss Perry","Alabama","74.0","265.0","2","DL","Pike Road","AL","USA","32.284308","-86.103017","6'2""","5"
4685506,"Ryan Otton","Washington","78.0","257.0","2","TE","Tumwater","WA","USA","47.008066","-122.910368","6'6""","4"
4685507,"Keon Sabb","Michigan","73.0","206.0","2","DB","Glassboro","NJ","USA","39.702768","-75.111943","6'1""","4"
4685516,"Shazz Preston","Alabama","72.0","206.0","2","WR","Saint James","LA","USA","30.009668","-90.798953","6'0""","5"
4685519,"Elijah Pritchett","Alabama","78.0","327.0","2","OL","Columbus","GA","USA","32.461071","-84.988045","6'6""","5"
4685522,"Ty Simpson","Alabama","74.0","215.0","2","QB","Martin","TN","USA","36.343278","-88.850351","6'2""","5"
4685535,"CJ Stokes","Michigan","70.0","205.0","2","RB","Columbia","SC","USA","34.000312","-81.033131","5'10""","3"
4685575,"J'Mond Tapp","Texas","75.0","266.0","2","DL","Donaldsonville","LA","USA","30.105194","-90.987592","6'3""","4"
4685590,"Cameron Williams","Texas","77.0","335.0","3","OL","Duncanville","TX","USA","32.651800","-96.908337","6'5""","4"
4685591,"Larry Turner-Gooden","Texas","71.0","212.0","2","S","Los Angeles","CA","USA","34.053691","-118.242766","5'11""","4"
4685723,"Roydell Williams","Alabama","70.0","214.0","4","RB","Hueytown","AL","USA","33.451220","-86.996661","5'10""","4"
4685735,"Cole Hutson","Texas","77.0","310.0","3","OL","Frisco","TX","USA","33.150600","-96.823818","6'5""","4"
4685737,"Neto Umeozulu","Texas","76.0","330.0","2","OL","Allen","TX","USA","33.103174","-96.670550","6'4""","4"
4686332,"Zac Swanson","Texas","76.0","282.0","2","DL","Phoenix","AZ","USA","33.448437","-112.074141","6'4""","4"
4686728,"Gunnar Helm","Texas","77.0","250.0","4","TE","Englewood","CO","USA","39.648206","-104.987964","6'5""","3"
4689338,"Dillon Johnson","Washington","72.0","218.0","3","RB","Greenville","MS","USA","33.411105","-91.063586","6'0""","3"
4690298,"Jake Thaw","Michigan","73.0","192.0","4","WR","Westport","CT","USA","41.141486","-73.357896","6'1""","0"
4690299,"Christian Bartholomew","Michigan","72.0","187.0","4","WR","Galesburg","MI","USA","42.288653","-85.418056","6'0""","0"
4690300,"Will Rolapp","Michigan","72.0","198.0","4","WR","Darien","CT","USA","41.078708","-73.469287","6'0""","0"
4690303,"Joshua Luther","Michigan","69.0","182.0","4","DB","Clarkston","MI","USA","42.735863","-83.418830","5'9""","0"
4690304,"Greg Tarr","Michigan","74.0","215.0","4","LS","Washington","MI","USA","42.302169","-83.257153","6'2""","0"
4690305,"Jerome Nichols","Michigan","72.0","235.0","4","LB","Belleville","MI","USA","42.204841","-83.485211","6'0""","0"
4690306,"Noah Stewart","Michigan","79.0","292.0","4","OL","Muskegon","MI","USA","43.234181","-86.248392","6'7""","3"
4690811,"Savion Red","Texas","70.0","214.0","3","RB","Grand Prairie","TX","USA","32.745965","-96.997785","5'10""","3"
4690975,"Tannahill Love","Texas","71.0","225.0","4","LB","Fort Worth","TX","USA","32.753177","-97.332746","5'11""","0"
4690976,"Paxton Anderson","Texas","76.0","213.0","4","WR","Dallas","TX","USA","32.776272","-96.796856","6'4""","0"
4691142,"Vincent Nunley","Washington","73.0","187.0","2","S","Oakland","CA","USA","37.804456","-122.271356","6'1""","0"
4691688,"Robbie Ouzts","Alabama","76.0","270.0","4","TE","Rock Hill","SC","USA","34.924867","-81.025078","6'4""","3"
4692023,"Kristian Story","Alabama","73.0","213.0","4","DB","Lanett","AL","USA","32.868739","-85.190497","6'1""","4"
4692024,"Malachi Moore","Alabama","72.0","201.0","4","DB","Trussville","AL","USA","33.619627","-86.608434","6'0""","4"
4692032,"Jordan Smith","Alabama","70.0","210.0","4","LB","Chelsea","AL","USA","33.340111","-86.630263","5'10""","0"
4692033,"Tim Smith","Alabama","76.0","314.0","4","DL","Gifford","FL","USA","27.672998","-80.417888","6'4""","5"
4692034,"Kyle Flood Jr.","Alabama","72.0","212.0","4","LB","Middlesex","NJ","USA","40.427971","-74.396310","6'0""","0"
4692044,"Jah-Marien Latham","Alabama","75.0","278.0","4","DL","Reform","AL","USA","33.378451","-88.015301","6'3""","4"
4692048,"Que Robinson","Alabama","77.0","241.0","4","LB","Birmingham","AL","USA","33.520682","-86.802433","6'5""","5"
4694152,"Max Merril","Texas","76.0","295.0","3","OL","Houston","TX","USA","29.758938","-95.367697","6'4""","3"
4695287,"Jonathan Bennett","Alabama","70.0","180.0","4","RB","Birmingham","AL","USA","33.520682","-86.802433","5'10""","0"
4695289,"Robert Ellis","Alabama","72.0","220.0","4","TE","Enterprise","AL","USA","31.315171","-85.855216","6'0""","0"
4695294,"Charlie Skehan","Alabama","73.0","235.0","4","TE","Columbia","SC","USA","34.000312","-81.033131","6'1""","0"
4695295,"Bennett Whisenhunt","Alabama","73.0","222.0","4","LB","Vestavia","AL","USA","33.448799","-86.787949","6'1""","0"
4695705,"Marlin Klein","Michigan","78.0","247.0","3","TE","Cologne",NULL,"Germany","50.938361","6.959974","6'6""","3"
4696013,"Adam Saul","Washington","78.0","192.0","3","P","Gurnee","IL","USA","42.370300","-87.902019","6'6""","0"
4696688,"Josh Beetham","Michigan","77.0","250.0","3","TE","Yorkville","IL","USA","41.641141","-88.447295","6'5""","0"
4696746,"Sam Willoughby","Alabama","70.0","165.0","4","WR",NULL,NULL,NULL,NULL,NULL,"5'10""","0"
4697671,"Bradley McGannon","Washington","76.0","283.0","2","DL","Yelm","WA","USA","46.941388","-122.606390","6'4""","2"
4697673,"Addison Shrock","Washington","73.0","188.0","2","PK","Bellingham","WA","USA","48.754401","-122.478836","6'1""","0"
4701935,"Terrance Brooks","Texas","72.0","210.0","3","DB","Little Elm","TX","USA","33.162619","-96.937505","6'0""","4"
4701937,"Myles Pollard","Michigan","73.0","194.0","3","DB","Brentwood","TN","USA","36.032569","-86.782524","6'1""","3"
4702755,"Amorion Walker","Michigan","75.0","182.0","3","WR","Ponchatoula","LA","USA","30.438804","-90.441476","6'3""","3"
4704532,"Kristopher Ross","Texas","74.0","263.0","2","DL","Houston","TX","USA","29.758938","-95.367697","6'2""","0"
4706856,"X'Avion Brice","Texas","73.0","174.0","2","CB","Arlington","TX","USA","32.735582","-97.107119","6'1""","3"
4708062,"Cole Lourd","Texas","74.0","215.0","4","QB","Los Angeles","CA","USA","34.053691","-118.242766","6'2""","3"
4708488,"Antonio Kite","Alabama","72.0","175.0","2","CB","Anniston","AL","USA","33.662482","-85.828322","6'0""","4"
4711413,"Connor Jones","Michigan","78.0","320.0","3","OL","Monument","CO","USA","39.091659","-104.872758","6'6""","3"
4712882,"Ike Iwunnah","Michigan","75.0","313.0","4","DL","Garland","TX","USA","32.912624","-96.638883","6'3""","3"
4717429,"Jaray Bledsoe","Texas","76.0","290.0","2","DL","Marlin","TX","USA","31.308005","-96.890890","6'4""","4"
4723086,"Colston Loveland","Michigan","77.0","245.0","3","TE","Gooding","ID","USA","43.003104","-114.828692","6'5""","4"
4751681,"Ernest Hausmann","Michigan","74.0","235.0","3","LB","Columbus","NE","USA","41.429299","-97.358144","6'2""","3"
4794102,"Zeke Berry","Michigan","71.0","196.0","3","DB","Pittsburg","CA","USA","38.018175","-121.890123","5'11""","4"
4801729,"Aaron Bryant","Texas","74.0","305.0","2","DL","Southaven","MS","USA","34.987382","-90.003486","6'2""","4"
4806290,"Connor Robertson","Texas","76.0","310.0","2","OL","Austin","TX","USA","30.271129","-97.743700","6'4""","3"
4808746,"Micah Pollard","Michigan","74.0","234.0","3","LB","Jacksonville","FL","USA","30.332184","-81.655651","6'2""","3"
4808839,"Isaiah Bond","Alabama","71.0","180.0","3","WR","Buford","GA","USA","34.120656","-84.004351","5'11""","5"
4816090,"Parker Brailsford","Washington","74.0","290.0","2","OL","Mesa","AZ","USA","33.415101","-111.831455","6'2""","3"
4816097,"Lance Holtzclaw","Washington","75.0","224.0","2","EDGE","Dorchester","MA","USA","42.301376","-71.061274","6'3""","3"
4832800,"Denzel Boston","Washington","76.0","209.0","2","WR","South Hill","WA","USA","47.119862","-122.290171","6'4""","3"
4833591,"Ky Woods","Texas","69.0","175.0","2","RB","League City","TX","USA","29.507454","-95.094930","5'9""","0"
4837473,"Jake Pope","Alabama","73.0","205.0","2","DB","Buford","GA","USA","34.120656","-84.004351","6'1""","4"
4868340,"Joey Klunder","Michigan","75.0","275.0","3","DE","Grosse Pointe","MI","USA","42.386149","-82.911859","6'3""","0"
4868898,"Jalen Klemm","Washington","78.0","285.0","2","OL","Mars","PA","USA","40.695834","-80.011878","6'6""","3"
4868929,"Will Stone","Texas","72.0","195.0","3","PK","Austin","TX","USA","30.271129","-97.743700","6'0""","3"
4869534,"Amari Niblack","Alabama","76.0","245.0","3","TE","Saint Petersburg","FL","USA","27.770048","-82.635908","6'4""","4"
4869584,"Alessandro Lorenzetti","Michigan","77.0","285.0","3","DL","Montreal","PQ","Canada","-23.404972","-51.954573","6'5""","3"
4869965,"Kobe Prentice","Alabama","70.0","188.0","3","WR","Calera","AL","USA","33.103505","-86.750573","5'10""","4"
4870593,"Tausili Akana","Texas","76.0","220.0","1","LB","Laie","HI","USA","21.643845","-157.924442","6'4""","4"
4870595,"Olaus Alinen","Alabama","78.0","335.0","1","OL","Pori",NULL,"Finland","61.486613","21.797207","6'6""","4"
4870609,"CJ Baxter","Texas","73.0","220.0","2","RB","Orlando","FL","USA","28.542111","-81.379030","6'1""","5"
4870641,"Semaj Bridgeman","Michigan","74.0","223.0","1","LB","Philadelphia","PA","USA","39.952724","-75.163526","6'2""","4"
4870656,"Johntay Cook II","Texas","72.0","185.0","2","WR","Desoto","TX","USA","32.589783","-96.857018","6'0""","5"
4870689,"Sawyer Deerman","Alabama","70.0","185.0","1","WR","Northport","AL","USA","33.229298","-87.577129","5'10""","3"
4870699,"Karmello English","Michigan","71.0","190.0","1","WR","Phenix City","AL","USA","32.470976","-85.000765","5'11""","4"
4870704,"Enow Etta","Michigan","77.0","308.0","2","DL","Keller","TX","USA","32.929966","-97.227125","6'5""","4"
4870706,"Caleb Downs","Alabama","72.0","205.0","2","S","Hoschton","GA","USA","34.096496","-83.761284","6'0""","5"
4870717,"Nathan Efobi","Michigan","75.0","307.0","2","OL","Cumming","GA","USA","34.207320","-84.140193","6'3""","4"
4870758,"Anthony James","Washington","77.0","272.0","1","DE","Lavon","TX","USA","33.027619","-96.434152","6'5""","3"
4870760,"Justice Haynes","Alabama","71.0","210.0","2","RB","Buford","GA","USA","34.120656","-84.004351","5'11""","5"
4870775,"Amir Herring","Michigan","75.0","300.0","1","OL","Southfield","MI","USA","42.473369","-83.221873","6'3""","4"
4870776,"Jalen Hale","Alabama","73.0","188.0","2","WR","Longview","TX","USA","32.500703","-94.740490","6'1""","5"
4870778,"Edric Hill","Alabama","75.0","275.0","1","DL","Kansas City","MO","USA","39.100105","-94.578142","6'3""","4"
4870796,"Jahlil Hurley","Alabama","74.0","185.0","1","DB","Florence","AL","USA","34.799810","-87.677251","6'2""","5"
4870805,"Anthony Hill Jr.","Texas","75.0","235.0","2","LB","Denton","TX","USA","33.183879","-97.141342","6'3""","5"
4870819,"Eli Holstein","Alabama","76.0","225.0","1","QB","Zachary","LA","USA","30.648519","-91.156496","6'4""","4"
4870856,"Tony Mitchell","Alabama","74.0","205.0","1","DB","Alabaster","AL","USA","33.244281","-86.816377","6'2""","3"
4870860,"DeAndre Moore Jr.","Texas","72.0","195.0","2","WR","Anaheim","CA","USA","33.834752","-117.911732","6'0""","4"
4870862,"Liona Lefau","Texas","73.0","225.0","2","LB","Laie","HI","USA","21.643845","-157.924442","6'1""","4"
4870870,"Ty Lockwood","Alabama","77.0","239.0","1","TE","Thompsons Station","TN","USA","35.790262","-86.866541","6'5""","4"
4870878,"Hunter Osborne","Alabama","76.0","298.0","1","DL","Trussville","AL","USA","33.619627","-86.608434","6'4""","4"
4870879,"Keon Keeley","Alabama","77.0","277.0","1","LB","Tampa","FL","USA","27.947760","-82.458444","6'5""","5"
4870881,"Payton Kirkland","Texas","78.0","350.0","1","G","Orlando","FL","USA","28.542111","-81.379030","6'6""","3"
4870899,"Miles McVay","Alabama","78.0","342.0","1","OL","East Saint Louis","IL","USA","38.626867","-90.159707","6'6""","4"
4870900,"Dylan Lonergan","Alabama","74.0","214.0","1","QB","Snellville","GA","USA","33.857328","-84.019911","6'2""","4"
4870905,"Caleb Presley","Washington","72.0","177.0","1","CB","Federal Way","WA","USA","47.313494","-122.339310","6'0""","4"
4870906,"Arch Manning","Texas","76.0","225.0","1","QB","New Orleans","LA","USA","29.975998","-90.078213","6'4""","5"
4870908,"Sydir Mitchell","Texas","78.0","350.0","1","DL","Paterson","NJ","USA","40.916765","-74.171811","6'6""","4"
4870915,"Curley Reed III","Washington","73.0","191.0","1","CB","Iowa","LA","USA","30.236877","-93.013757","6'1""","4"
4870953,"Malik Muhammad","Texas","72.0","190.0","2","DB","Desoto","TX","USA","32.589783","-96.857018","6'0""","5"
4870964,"William Randle","Texas","76.0","240.0","1","TE","New Orleans","LA","USA","29.975998","-90.078213","6'4""","3"
4870969,"James Smith","Alabama","75.0","296.0","2","DL","Montgomery","AL","USA","32.377420","-86.309168","6'3""","5"
4870970,"Yhonzae Pierre","Alabama","75.0","239.0","1","LB","Eufaula","AL","USA","31.891272","-85.145488","6'3""","5"
4870975,"Jordan Renaud","Alabama","76.0","268.0","1","DL","Sarasota","FL","USA","27.336581","-82.530855","6'4""","5"
4870976,"Kadyn Proctor","Alabama","79.0","369.0","2","OL","Des Moines","IA","USA","41.586865","-93.624949","6'7""","5"
4871044,"Derek Williams Jr.","Texas","74.0","195.0","2","DB","New Iberia","LA","USA","30.003537","-91.818729","6'2""","5"
4871068,"Rashid Williams","Washington","73.0","181.0","1","WR","Brentwood","CA","USA","37.931777","-121.696026","6'1""","4"
4871076,"Quintrevion Wisner","Texas","72.0","200.0","2","RB","Glenn Heights","TX","USA","32.543901","-96.855297","6'0""","3"
4871081,"Richard Young","Alabama","71.0","216.0","1","RB","Lehigh Acres","FL","USA","26.604059","-81.658133","5'11""","5"
4873232,"Mason Graham","Michigan","75.0","320.0","3","DL","Anaheim","CA","USA","33.834752","-117.911732","6'3""","4"
4875340,"Davon Banks","Washington","71.0","184.0","3","CB","San Jacinto","CA","USA","33.783966","-116.958909","5'11""","0"
4875341,"Camden Sirmon","Washington","72.0","196.0","3","WR","Missoula","MT","USA","46.870105","-113.995267","6'0""","0"
4875346,"Mason Wheeler","Washington","69.0","173.0","3","WR","Vancouver","WA","USA","45.630695","-122.674456","5'9""","2"
4875348,"Milton Hopkins Jr.","Washington","76.0","232.0","3","EDGE","Seattle","WA","USA","47.603832","-122.330062","6'4""","0"
4875350,"Quentin Moore","Washington","76.0","257.0","4","TE","Kenmore","WA","USA","47.759672","-122.249637","6'4""","3"
4875351,"Griffin Waiss","Washington","77.0","245.0","3","TE","San Jose","CA","USA","37.336166","-121.890591","6'5""","0"
4875813,"Hayden Neighbors","Alabama","75.0","185.0","3","WR","Huntsville","AL","USA","34.729847","-86.585901","6'3""","0"
4876132,"Josh Cuevas","Washington","75.0","251.0","3","TE","Los Angeles","CA","USA","34.053691","-118.242766","6'3""","0"
4878504,"Robert Sweeney","Texas","77.0","300.0","2","OL","Dallas","TX","USA","32.776272","-96.796856","6'5""","0"
4878681,"Davis Warren","Michigan","74.0","195.0","4","QB","Los Angeles","CA","USA","34.053691","-118.242766","6'2""","0"
4878682,"Jesse Madden","Michigan","73.0","180.0","3","DB","Oakland","CA","USA","37.804456","-122.271356","6'1""","0"
4878686,"Peyton O'Leary","Michigan","75.0","203.0","4","WR","Byfield","MA","USA","42.759814","-70.948110","6'3""","0"
4878687,"Joe Taylor","Michigan","70.0","190.0","4","WR","Chelsea","MI","USA","42.318016","-84.020224","5'10""","0"
4878688,"Christian Boivin","Michigan","72.0","225.0","4","LB","Traverse City","MI","USA","44.760648","-85.616598","6'0""","0"
4878690,"Trevor Andrews","Michigan","73.0","224.0","3","LB","Brentwood","TN","USA","36.032569","-86.782524","6'1""","0"
4878691,"Noah Howes","Michigan","76.0","240.0","4","TE","Rochester","MI","USA","42.680588","-83.133821","6'4""","0"
4878694,"Peter Simmons","Michigan","73.0","285.0","4","DL","Bonita Springs","FL","USA","26.339806","-81.778697","6'1""","0"
4878695,"Max Bredeson","Michigan","74.0","240.0","4","TE","Hartland","WI","USA","43.105008","-88.342040","6'2""","0"
4880041,"Kneeland Hibbett","Alabama","74.0","240.0","4","LS","Florence","AL","USA","34.799810","-87.677251","6'2""","0"
4880045,"Graham Roten","Alabama","75.0","285.0","4","OL","Fairview","TN","USA","35.982007","-87.121395","6'3""","0"
4880046,"Adam Thorsland","Alabama","77.0","232.0","4","TE","Walhalla","SC","USA","34.764818","-83.064042","6'5""","0"
4880048,"James Burnip","Alabama","78.0","236.0","4","P","Mount Macedon","VIC","Australia","-37.390262","144.590741","6'6""","0"
4880051,"Reid Schuback","Alabama","72.0","185.0","4","PK","Poway","CA","USA","32.962823","-117.035864","6'0""","0"
4880346,"Michael Taaffe","Texas","72.0","195.0","3","DB","Austin","TX","USA","30.271129","-97.743700","6'0""","0"
4880347,"Bert Auburn","Texas","72.0","185.0","4","PK","Flower Mound","TX","USA","33.028385","-97.086720","6'0""","0"
4880348,"Thatcher Milton","Texas","70.0","185.0","4","WR","Cypress","TX","USA","29.969112","-95.697169","5'10""","0"
4880349,"Marshall Landwehr","Texas","72.0","225.0","4","LB","Dallas","TX","USA","32.776272","-96.796856","6'0""","0"
4880350,"Christian Rizzi","Texas","71.0","215.0","4","S","Metairie","LA","USA","29.989993","-90.150543","5'11""","0"
4880856,"Alex Froelich","Washington","74.0","213.0","2","LS","South Pasadena","CA","USA","34.113306","-118.147829","6'2""","0"
4880858,"Jake Jennings","Washington","76.0","229.0","3","EDGE","Gig Harbor","WA","USA","47.325970","-122.587866","6'4""","0"
4881430,"Kade Wehby","Alabama","69.0","185.0","4","LS","Plantation","FL","USA","26.127586","-80.233104","5'9""","0"
4888707,"Danny Lewis Jr.","Alabama","77.0","257.0","2","TE","New Iberia","LA","USA","30.003537","-91.818729","6'5""","3"
4889929,"Quinn Ewers","Texas","74.0","210.0","3","QB","Southlake","TX","USA","32.941236","-97.134178","6'2""","5"
4890418,"Teddy Purcell","Washington","73.0","186.0","3","QB","Atherton","CA","USA","37.453773","-122.205827","6'1""","0"
4890419,"Jack McCallister","Washington","72.0","205.0","3","P","Edmonds","WA","USA","47.810574","-122.377495","6'0""","0"
4890430,"Antonio Hill","Washington","71.0","188.0","4","CB","Bellevue","WA","USA","47.614422","-122.192337","5'11""","0"
4894654,"Kenneth Grant","Michigan","75.0","339.0","3","DL","Merrillville","IN","USA","41.482814","-87.332814","6'3""","3"
4896353,"Jimmy Rolder","Michigan","74.0","240.0","3","LB","Orland Park","IL","USA","41.630663","-87.853629","6'2""","4"
4896390,"Brandon Mann","Michigan","75.0","245.0","3","TE","Franklin","MI","USA","42.522257","-83.306043","6'3""","0"
4899352,"Deakon Tonielli","Michigan","77.0","238.0","2","TE","Oswego","IL","USA","41.683478","-88.352571","6'5""","4"
4899366,"Semaj Morgan","Michigan","70.0","174.0","2","WR","West Bloomfield","MI","USA","42.567616","-83.359256","5'10""","3"
4899367,"Ryan Niblett","Texas","70.0","185.0","1","WR","Houston","TX","USA","29.758938","-95.367697","5'10""","4"
4899376,"Jaydon Chatman","Texas","76.0","300.0","1","OL","Harker Heights","TX","USA","31.074635","-97.659047","6'4""","4"
4899475,"Wilkin Formby","Alabama","79.0","324.0","1","OL","Tuscaloosa","AL","USA","33.209561","-87.567526","6'7""","4"
4899478,"Derion Gullette","Texas","75.0","235.0","1","LB","Marlin","TX","USA","31.308005","-96.890890","6'3""","4"
4899479,"Evan Link","Michigan","78.0","328.0","2","OL","Burke","VA","USA","38.778416","-77.274964","6'6""","4"
4900374,"Isaiah Hastings","Alabama","76.0","294.0","2","DL","Toronto","ON","Canada","43.653482","-79.383935","6'4""","0"
4905609,"Fredrick Moore","Michigan","73.0","181.0","2","WR","Saint Louis","MO","USA","38.628028","-90.191015","6'1""","3"
4907672,"Adam Samaha","Michigan","71.0","195.0","2","PK","Ypsilanti","MI","USA","42.241051","-83.611765","5'11""","3"
4908867,"Ethan Burke","Texas","78.0","260.0","3","LB","Austin","TX","USA","30.271129","-97.743700","6'6""","4"
4910827,"Evan Boutorwick","Michigan","75.0","230.0","3","LS","Sterling Heights","MI","USA","42.580312","-83.030203","6'3""","0"
4910844,"Grady Gross","Washington","71.0","218.0","3","PK","Scottsdale","AZ","USA","33.494219","-111.926018","5'11""","0"
4911869,"Lance St. Louis","Texas","72.0","220.0","3","S","Gilbert","AZ","USA","33.352763","-111.789037","6'0""","3"
4912156,"Andrew Gentry","Michigan","79.0","327.0","3","OL","Littleton","CO","USA","39.613321","-105.016649","6'7""","4"
4916379,"Jayvon Parker","Washington","75.0","297.0","3","DL","Detroit","MI","USA","42.331551","-83.046640","6'3""","3"
4916380,"Armon Parker","Washington","75.0","312.0","2","DL","Detroit","MI","USA","42.331551","-83.046640","6'3""","0"
4917046,"Jay Green","Washington","75.0","208.0","3","S","Houston","TX","USA","29.758938","-95.367697","6'3""","3"
4917371,"Alex Rozier","Alabama","76.0","220.0","3","LS","Hattiesburg","MS","USA","31.327119","-89.290339","6'4""","0"
4917858,"Cole Cabana","Michigan","72.0","204.0","2","RB","Dexter","MI","USA","42.337300","-83.884200","6'0""","4"
4917985,"Connor Stroh","Texas","79.0","350.0","1","OL","Frisco","TX","USA","33.150600","-96.823818","6'7""","3"
4918101,"S'Maje Burrell","Texas","72.0","219.0","1","LB","Fort Worth","TX","USA","32.753177","-97.332746","6'0""","4"
4918121,"Cole Adams","Alabama","70.0","181.0","1","WR","Owasso","OK","USA","36.265970","-95.854856","5'10""","4"
4918129,"Colton Vasek","Texas","77.0","260.0","1","LB","Austin","TX","USA","30.271129","-97.743700","6'5""","4"
4918430,"Trevor Goosby","Texas","79.0","315.0","1","OL","Melissa","TX","USA","33.286246","-96.572241","6'7""","5"
4918431,"Breeon Ishmail","Michigan","75.0","260.0","2","DE","Hamilton","OH","USA","39.208535","-84.550187","6'3""","3"
4918439,"Elinneus Davis","Washington","74.0","309.0","1","DL","Moorhead","MN","USA","46.873908","-96.753867","6'2""","3"
4918449,"Jyaire Hill","Michigan","74.0","185.0","2","DB","Kankakee","IL","USA","41.125390","-87.848682","6'2""","4"
4919036,"Andre Cojoe","Texas","78.0","340.0","1","OL","Grand Prairie","TX","USA","32.745965","-96.997785","6'6""","3"
4921240,"Brooks Bahr","Michigan","77.0","319.0","2","DL","Lake Forest","IL","USA","42.258646","-87.840706","6'5""","3"
4921273,"Billy Walton III","Texas","75.0","225.0","1","DE","Grand Prairie","TX","USA","32.745965","-96.997785","6'3""","3"
4921318,"Spencer Shannon","Texas","79.0","255.0","1","TE","San Clemente","CA","USA","33.427028","-117.612418","6'7""","3"
4921406,"Landen Hatchett","Washington","74.0","310.0","2","OL","Ferndale","WA","USA","48.846670","-122.589723","6'2""","4"
4921520,"Tybo Rogers","Washington","71.0","185.0","1","RB","Bakersfield","CA","USA","35.373871","-119.019463","5'11""","3"
4922989,"Jelani McDonald","Texas","74.0","205.0","2","DB","Waco","TX","USA","31.549190","-97.147463","6'2""","4"
4923036,"Cameron Brandt","Michigan","76.0","265.0","2","DE","Chatsworth","CA","USA","34.257250","-118.601702","6'4""","3"
4923048,"Deven Bryant","Washington","71.0","234.0","1","LB","Carson","CA","USA","33.832204","-118.251755","5'11""","3"
4923052,"Cameron Calhoun","Michigan","72.0","177.0","1","CB","Cincinnati","OH","USA","39.101454","-84.512460","6'0""","4"
4923287,"Elishah Jackett","Washington","79.0","271.0","1","OL","Orange","CA","USA","33.750631","-117.872231","6'7""","4"
4940235,"Taeshaun Lyons","Washington","73.0","177.0","1","WR","Hayward","CA","USA","37.668821","-122.080796","6'1""","4"
4950398,"Warren Roberson","Texas","72.0","190.0","1","DB","Red Oak","TX","USA","32.511710","-96.808363","6'0""","4"
4954503,"Jordan Whitney","Washington","72.0","216.0","1","LB","Oxnard","CA","USA","34.197631","-119.180381","6'0""","3"
4988081,"Vincent Holmes","Washington","72.0","187.0","1","S","San Jacinto","CA","USA","33.783966","-116.958909","6'0""","4"
5008017,"Benjamin Hall","Michigan","71.0","235.0","2","RB","Acworth","GA","USA","34.065933","-84.676880","5'11""","3"
5017177,"Keith Reynolds","Washington","69.0","180.0","1","WR","Adelanto","CA","USA","34.582770","-117.409215","5'9""","3"
5077303,"Jacob Lane","Washington","77.0","255.0","2","EDGE","Puyallup","WA","USA","47.184901","-122.292140","6'5""","3"
5077503,"Hayden Moore","Michigan","74.0","222.0","1","LB","Parker","CO","USA","39.518451","-104.761264","6'2""","3"
5077638,"Bray Hubbard","Alabama","74.0","204.0","2","DB","Ocean Springs","MS","USA","30.411290","-88.827917","6'2""","4"
5077669,"Diesel Gordon","Washington","72.0","164.0","1","S","Arlington","TX","USA","32.735582","-97.107119","6'0""","3"
5077875,"Zachary Henning","Washington","77.0","299.0","1","OL","Centennial","CO","USA","39.579155","-104.876923","6'5""","3"
5078347,"Soane Faasolo","Washington","80.0","295.0","1","OL","East Palo Alto","CA","USA","37.468827","-122.141075","6'8""","3"
5078420,"Leroy Bryant","Washington","71.0","180.0","1","CB","Fairfield","CA","USA","38.249358","-122.039966","5'11""","3"
5079508,"Austin Mack","Washington","78.0","236.0","1","QB","Folsom","CA","USA","38.677959","-121.176058","6'6""","4"
5079656,"Dezz Ricks","Alabama","73.0","195.0","1","DB","Norfolk","VA","USA","36.849370","-76.289954","6'1""","5"
5080694,"Jax Porter","Alabama","78.0","232.0","2","TE","Dallas","TX","USA","32.776272","-96.796856","6'6""","0"
5080968,"Aymeric Koumba","Michigan","77.0","260.0","2","DE","Bordeaux",NULL,"France","44.841225","-0.580036","6'5""","3"
5081854,"Conor Talty","Alabama","73.0","198.0","1","PK","Chicago","IL","USA","41.875562","-87.624421","6'1""","3"
5081965,"Joe Tatum","Texas","71.0","185.0","3","QB","Los Angeles","CA","USA","34.053691","-118.242766","5'11""","0"
5081966,"Colin Page","Texas","72.0","210.0","3","RB","Austin","TX","USA","30.271129","-97.743700","6'0""","0"
5081967,"Carson Marshall","Texas","72.0","185.0","3","DB","Katy","TX","USA","29.785785","-95.824396","6'0""","0"
5081969,"Quinn Merritt","Texas","73.0","190.0","3","WR","Los Gatos","CA","USA","37.226611","-121.974680","6'1""","0"
5081970,"Graham Gillespie","Texas","72.0","200.0","3","DB","Cypress","TX","USA","29.969112","-95.697169","6'0""","0"
5081971,"Remy Patson","Texas","69.0","170.0","3","WR","Austin","TX","USA","30.271129","-97.743700","5'9""","0"
5081972,"Hamilton McMartin","Texas","72.0","175.0","3","WR","Katy","TX","USA","29.785785","-95.824396","6'0""","0"
5081973,"Ben Armstrong","Texas","75.0","285.0","3","DL","Leander","TX","USA","30.573613","-97.856734","6'3""","0"
5081975,"Charles Feris","Texas","74.0","205.0","3","PK","Houston","TX","USA","29.758938","-95.367697","6'2""","0"
5081976,"Michael Flanagan","Texas","74.0","225.0","3","LB","Frisco","TX","USA","33.150600","-96.823818","6'2""","0"
5081977,"DJ Campbell","Texas","75.0","330.0","3","OL","Arlington","TX","USA","32.735582","-97.107119","6'3""","5"
5081978,"Rick McBroom","Texas","74.0","290.0","3","OL","Fort Worth","TX","USA","32.753177","-97.332746","6'2""","0"
5081980,"Gus Asel","Texas","73.0","226.0","4","TE","Frisco","TX","USA","33.150600","-96.823818","6'1""","0"
5081981,"Reece Beauchamp","Texas","74.0","190.0","3","WR","Austin","TX","USA","30.271129","-97.743700","6'2""","0"
5082260,"Coby McNeal","Alabama","77.0","250.0","3","TE","Dothan","AL","USA","31.223729","-85.393438","6'5""","0"
5082670,"Jakson Berman","Washington","71.0","190.0","2","CB","San Jose","CA","USA","37.336166","-121.890591","5'11""","0"
5082671,"Tristan Warner","Washington","73.0","206.0","2","S","Tacoma","WA","USA","47.245501","-122.438329","6'1""","0"
5082672,"Anay Nagarajan","Washington","71.0","190.0","3","CB","San Jose","CA","USA","37.336166","-121.890591","5'11""","0"
5082673,"Austin Harnetiaux","Washington","75.0","232.0","2","LB","Seattle","WA","USA","47.603832","-122.330062","6'3""","0"
5082675,"Griffin Miller","Washington","74.0","227.0","2","LB","Sammamish","WA","USA","47.601755","-122.041684","6'2""","0"
5082676,"Jake Parnagian","Washington","70.0","204.0","2","WR","Clovis","CA","USA","36.825228","-119.702919","5'10""","0"
5082677,"Jackson Girouard","Washington","72.0","193.0","3","WR","Redwood City","CA","USA","37.486324","-122.232523","6'0""","0"
5082678,"John Frazier","Washington","78.0","244.0","2","TE","Mountain View","CA","USA","37.389389","-122.083210","6'6""","0"
5084987,"Kahlee Tafai","Washington","77.0","338.0","1","OL","Los Angeles","CA","USA","34.053691","-118.242766","6'5""","3"
5085243,"Hudson Hollenbeck","Michigan","74.0","206.0","3","PK","Collierville","TN","USA","35.042036","-89.664527","6'2""","0"
5085885,"Braydon Bruener","Washington","72.0","194.0","1","LB","Redmond","WA","USA","47.669414","-122.123877","6'0""","0"
5086014,"Joshua Nichols","Michigan","70.0","205.0","3","DB","Detroit","MI","USA","42.331551","-83.046640","5'10""","0"
5086016,"Nico Andrighetto","Michigan","69.0","190.0","3","DB","Mountain View","CA","USA","37.389389","-122.083210","5'9""","0"
5086017,"Logan Forbes","Michigan","74.0","195.0","3","WR","Clarkston","MI","USA","42.735863","-83.418830","6'2""","0"
5086018,"Bryce Wilcox","Michigan","71.0","191.0","3","DB","Sharpsburg","GA","USA","33.339284","-84.648542","5'11""","0"
5086019,"Joel Metzger","Michigan","73.0","230.0","4","LB","Battle Creek","MI","USA","42.319255","-85.182427","6'1""","0"
5086021,"Henry Donohue","Michigan","71.0","215.0","4","RB","Bronxville","NY","USA","40.938154","-73.832078","5'11""","0"
5086022,"James Kavouklis","Michigan","73.0","284.0","3","OL","Tampa","FL","USA","27.947760","-82.458444","6'1""","0"
5086026,"Chibi Anwunah","Michigan","77.0","278.0","3","DE","Canton","MI","USA","32.612602","-90.036751","6'5""","0"
5088628,"Zack Marshall","Michigan","76.0","235.0","2","TE","Solana Beach","CA","USA","32.990560","-117.269131","6'4""","3"
5089445,"JD Baird","Alabama","68.0","190.0","3","LB","Tuscaloosa","AL","USA","33.209561","-87.567526","5'8""","0"
5089446,"Upton Bellenfant","Alabama","74.0","175.0","2","PK","Brentwood","TN","USA","36.032569","-86.782524","6'2""","0"
5089447,"Prince Butler","Alabama","73.0","200.0","3","DB","Alexandria","VA","USA","38.805110","-77.047023","6'1""","0"
5089448,"Zarian Courtney","Alabama","74.0","183.0","4","WR","Arlington","TX","USA","32.735582","-97.107119","6'2""","0"
5089450,"Peyton Fox","Alabama","76.0","225.0","3","TE","Pelham","AL","USA","33.285669","-86.809988","6'4""","0"
5089452,"Wilder Hines","Alabama","74.0","240.0","2","OL","Birmingham","AL","USA","33.520682","-86.802433","6'2""","0"
5089453,"Miles Kitselman","Alabama","77.0","256.0","4","TE","Lyndon","KS","USA","38.610010","-95.684429","6'5""","0"
5089454,"Jay Loper Jr.","Alabama","71.0","180.0","3","WR","Daphne","AL","USA","30.603526","-87.903605","5'11""","0"
5089455,"Michael Lorino III","Alabama","72.0","185.0","3","RB","Birmingham","AL","USA","33.520682","-86.802433","6'0""","0"
5089456,"Caleb McDougle","Alabama","71.0","207.0","4","DB","Muscle Shoals","AL","USA","34.743679","-87.653262","5'11""","0"
5089458,"Vito Perri","Alabama","72.0","205.0","2","LB","Alpharetta","GA","USA","34.070958","-84.274733","6'0""","0"
5089459,"Ty Roper","Alabama","68.0","189.0","2","DB","Foley","AL","USA","30.406587","-87.683597","5'8""","0"
5089461,"Nick Serpa","Alabama","76.0","215.0","4","P","Foothill Ranch","CA","USA","33.683764","-117.662249","6'4""","0"
5089462,"Jack Standeffer","Alabama","70.0","160.0","2","WR","Tuscaloosa","AL","USA","33.209561","-87.567526","5'10""","0"
5091783,"Jason Hewlett","Michigan","74.0","227.0","2","LB","Youngstown","OH","USA","41.103579","-80.652016","6'2""","3"
5092246,"Cordell Jones-McNally","Michigan","68.0","175.0","1","PK","Marcellus","MI","USA","42.025878","-85.815558","5'8""","0"
5092262,"DJ Waller Jr.","Michigan","75.0","202.0","2","DB","Youngstown","OH","USA","41.103579","-80.652016","6'3""","3"
5093292,"Cade Carruth","Alabama","73.0","195.0","3","QB","Trussville","AL","USA","33.619627","-86.608434","6'1""","0"
5095358,"Caleb Johnston","Washington","71.0","221.0","2","LS","Ripon","CA","USA","37.739467","-121.124697","5'11""","0"
5095359,"Camdyn Stiegeler","Washington","73.0","203.0","1","QB","Oregon City","OR","USA","45.357343","-122.606758","6'1""","0"
5098809,"Winston Smith","Texas","73.0","202.0","2","LB","Houston","TX","USA","29.758938","-95.367697","6'1""","0"
5100330,"MJ Chirgwin","Alabama","72.0","195.0","3","WR","Huntington Beach","CA","USA","33.678334","-118.000016","6'0""","0"
5100332,"Alijah May","Alabama","71.0","195.0","4","DB","Pinson","AL","USA","33.688991","-86.683323","5'11""","0"
5100334,"Peyton Yates","Alabama","70.0","180.0","3","DB","Eads","TN","USA","35.204533","-89.649247","5'10""","0"
5103804,"Brandyn Hillman","Michigan","72.0","200.0","2","DB","Portsmouth","VA","USA","36.832008","-76.297699","6'0""","4"
5104212,"Jaren Hamilton","Alabama","73.0","195.0","1","WR","Gainesville","FL","USA","29.651968","-82.324985","6'1""","4"
5108220,"Kendrick Bell","Michigan","74.0","191.0","2","WR","Kansas City","MO","USA","39.100105","-94.578142","6'2""","3"
5121433,"Zach Durfee","Washington","77.0","256.0","4","EDGE","Dawson","MN","USA","44.932738","-96.054481","6'5""","0"
5122374,"Owen Coutts","Washington","76.0","230.0","3","TE","Seattle","WA","USA","47.603832","-122.330062","6'4""","0"
5150247,"Malik Benson","Alabama","73.0","195.0","4","WR","Lansing","KS","USA","39.248739","-94.900246","6'1""","4"
5150249,"Justin Jefferson","Alabama","73.0","228.0","4","LB","Memphis","TN","USA","35.146025","-90.051764","6'1""","4"
5150250,"Roq Montgomery","Alabama","75.0","337.0","1","OL","Anniston","AL","USA","33.662482","-85.828322","6'3""","4"
5150251,"Qua Russaw","Alabama","74.0","251.0","1","LB","Montgomery","AL","USA","32.377420","-86.309168","6'2""","5"
5150770,"JaFaar Johnson Jr.","Texas","71.0","186.0","2","DB","Bastrop","TX","USA","30.054112","-97.388776","5'11""","0"
5150771,"Tate Haver","Texas","72.0","215.0","2","S","Westlake Village","CA","USA","34.146023","-118.806179","6'0""","0"
5150773,"Rett Andersen","Texas","71.0","190.0","2","WR","San Antonio","TX","USA","29.424600","-98.495141","5'11""","0"
5150775,"Bryce Chambers","Texas","73.0","205.0","2","WR","Austin","TX","USA","30.271129","-97.743700","6'1""","0"
5150776,"Ty Boatright","Texas","72.0","175.0","2","WR","Kingwood","TX","USA","30.049708","-95.184630","6'0""","0"
5150777,"Ian Ratliff","Texas","71.0","185.0","2","P","Humble","TX","USA","29.998831","-95.262155","5'11""","0"
5150778,"Brooks Kieschnick Jr.","Texas","75.0","270.0","2","OL","San Antonio","TX","USA","29.424600","-98.495141","6'3""","0"
5150779,"Brady Sarkisian","Texas","73.0","230.0","2","LB","Newport Beach","CA","USA","33.617009","-117.929440","6'1""","0"
5150780,"Reed Malphurs","Texas","78.0","208.0","1","PK","Dallas","TX","USA","32.776272","-96.796856","6'6""","0"
5151880,"Thaddeus Dixon","Washington","73.0","186.0","4","CB","Los Angeles","CA","USA","34.053691","-118.242766","6'1""","3"
5151881,"Alex Johnson","Washington","78.0","214.0","3","QB","Seattle","WA","USA","47.603832","-122.330062","6'6""","0"
5151882,"Ryder Bumgarner","Washington","69.0","195.0","1","RB","Stanwood","WA","USA","48.242160","-122.352033","5'9""","0"
5151883,"Luke Luchini","Washington","73.0","195.0","1","WR","Meridian","ID","USA","43.608630","-116.392326","6'1""","0"
5151884,"Logan Lisherness","Washington","74.0","230.0","1","LB","Puyallup","WA","USA","47.184901","-122.292140","6'2""","0"
5151885,"Parker Cross","Washington","74.0","284.0","1","OL","Seattle","WA","USA","47.603832","-122.330062","6'2""","0"
5151886,"Jacob Mason","Washington","74.0","245.0","1","DE","Ferndale","WA","USA","48.846670","-122.589723","6'2""","0"
5151887,"Roice Cleeland","Washington","74.0","297.0","1","OL","Vancouver","WA","USA","45.630695","-122.674456","6'2""","0"
5151888,"Aidan Anderson","Washington","76.0","319.0","1","OL","Olympia","WA","USA","47.045102","-122.895008","6'4""","0"
5151889,"Habib Bello","Washington","74.0","310.0","1","DL","Bellingham","WA","USA","48.754401","-122.478836","6'2""","0"
5151890,"Troy Petz","Washington","73.0","193.0","2","P","Lynden","WA","USA","48.946604","-122.456932","6'1""","0"
5156342,"Jack Grusser","Michigan","72.0","175.0","1","QB","Franklin Lakes","NJ","USA","41.016764","-74.205701","6'0""","0"
5156344,"Micah Davis","Michigan","73.0","203.0","2","DB","Dexter","MI","USA","42.337300","-83.884200","6'1""","0"
5156345,"Grayson Dee","Michigan","73.0","235.0","2","LB","Pittsburgh","PA","USA","40.441694","-79.990086","6'1""","0"
5156346,"Jack MacKinnon","Michigan","76.0","250.0","2","LB","Sarasota","FL","USA","27.336581","-82.530855","6'4""","0"
5156347,"Liam Groulx","Michigan","72.0","225.0","2","LB","Charlotte","NC","USA","35.227209","-80.843083","6'0""","0"
5156348,"Bryson Kuzdzal","Michigan","71.0","198.0","2","RB","Ada","MI","USA","42.954714","-85.487952","5'11""","0"
5156349,"Jalen Hoffman","Michigan","75.0","235.0","2","TE","Burke","VA","USA","38.778416","-77.274964","6'3""","0"
5156350,"Cole Morgan","Michigan","76.0","275.0","2","OL","Princeton","NJ","USA","40.349695","-74.659738","6'4""","0"
5156351,"John Weidenbach","Michigan","72.0","215.0","2","LB","Naperville","IL","USA","41.772870","-88.147928","6'0""","0"
5156352,"Stone Anderson","Michigan","74.0","190.0","2","PK","Deerfield","MA","USA","42.544260","-72.604477","6'2""","0"
5156353,"Trey Pierce","Michigan","74.0","315.0","2","DL","Evergreen Park","IL","USA","41.720136","-87.701326","6'2""","0"
5159905,"Walter Sansing","Alabama","70.0","160.0","2","DB","Homewood","AL","USA","33.473710","-86.808451","5'10""","0"
5159906,"Kaleb Fleming","Alabama","73.0","205.0","3","WR","Macomb","MI","USA","42.674119","-82.902901","6'1""","0"
5159907,"Jake Ivie","Alabama","72.0","205.0","2","LB","Alabaster","AL","USA","33.244281","-86.816377","6'0""","0"
5159908,"JR Gardner","Alabama","71.0","185.0","2","RB","Gulf Shores","AL","USA","30.271122","-87.689383","5'11""","0"
5159909,"Tonio Ross","Alabama","74.0","180.0","1","DB","Alexandria","AL","USA","33.768706","-85.880676","6'2""","0"
5159910,"Kolby Peavy","Alabama","73.0","180.0","2","DB","Monroeville","AL","USA","31.527822","-87.324633","6'1""","0"
5159911,"Conner Warhurst","Alabama","74.0","190.0","2","DB","Russellville","AL","USA","34.506823","-87.729026","6'2""","0"
5159912,"Brock O'Quinn","Alabama","73.0","210.0","1","LS","Southlake","TX","USA","32.941236","-97.134178","6'1""","0"
5159913,"Noland Asberry","Alabama","73.0","190.0","3","LB","Mobile","AL","USA","30.691346","-88.043751","6'1""","0"
5159914,"Braylon Chatman","Alabama","72.0","200.0","2","LB","Trussville","AL","USA","33.619627","-86.608434","6'0""","0"
5159915,"Davis Peterson","Alabama","73.0","235.0","2","OL","Birmingham","AL","USA","33.520682","-86.802433","6'1""","0"
5159916,"Mac Smith","Alabama","75.0","270.0","2","OL","Birmingham","AL","USA","33.520682","-86.802433","6'3""","0"
5159917,"Baker Hickman","Alabama","75.0","315.0","2","OL","Tuscaloosa","AL","USA","33.209561","-87.567526","6'3""","0"
5159918,"Billy Roby","Alabama","71.0","245.0","2","OL","Huntsville","AL","USA","34.729847","-86.585901","5'11""","0"
5159919,"Lane Whisenhunt","Alabama","74.0","285.0","2","LB","Vestavia Hills","AL","USA","33.448799","-86.787949","6'2""","0"
5159920,"Reed Harradine","Alabama","75.0","185.0","1","PK","Birmingham","AL","USA","33.520682","-86.802433","6'3""","0"
